La Macelleria Di Barichello Paolo\Via Roma, 5, 31030 Altivole TV\\349 212 9803\\TV\
Bolzon Giuseppe\Via Laguna, 28, 31030 Altivole TV\\0423 569370\\TV\
Il Maggese\Via Piave, 21/1, 31030 Altivole TV\\0423 078040\\TV\
Salumificio Da Pian\Via Internati 1943 - 1945, 12, 31057 Silea TV\https://www.dapian.it/le-specialita/\0422 362477\info@dapian.it\TV\
Salumificio Artigianale Celotto\Via Misquile, 13, 31030 Borso del Grappa TV\http://www.salumeriaonline.it/\0423 561703\\TV\
Formaggeria & Salumeria Costa\Piazza Donatori del Sangue, 31031 Caerano di San Marco TV\\\\TV\
Becher S.p.a\Via Postumia, 36, 31050 Ponzano Veneto TV\https://www.becher.it/\0422 9613\info@becher.it -prodotto-225x300@2x.jpg\TV\
Salumificio San Giacomo S.n.c. di Canton Liviano e Canton Pierangelo\Via Cal de Livera, 72, 31029 Vittorio Veneto TV\http://www.salumificiosangiacomo.com/\0438 501083\info@salumificiosangiacomo.com\TV\
SPAK supermercato - Altivole\Via Kennedy, 1/d, 31030 Caselle TV\http://www.spaksupermercati.it/\0423 915536\info@spaksupermercati.it\TV\
Salumificio Bianco Angelo\Via Roma Fraz. Solighetto, 14, Via Roma, 14, 31053 Solighetto TV\https://www.salumificiobianco.com/\0438 82805\info@salumificiobianco.com\TV\
Pagotto Carni Macelleria Gastronomia Salumificio\Via Grande di Pezzan, 52, 31030 Pezzan TV\https://www.pagottocarni.it/\0422 397378\pagotto.carni@libero.it\TV\
Rosato Dino\Via Asolana, 60, 31030 San Vito TV\\\\TV\
Salumeria Trieste  Fontanot\\\\\\
Bazzo Maurizio\\\\\\
Macelleria Beniamino Snc\\\\\\
Max\\\\\\
Macelleria Alan\\\\\\
DalFaio formaggi e salumi\\\\\\
Macelleria Gastronomia 4 sass\\\\\\
Martini Carni e Salumi di Martini Giuliano & C. S.a.s.\\\\\\
Salumificio Carretta\\\\\\
Azienda agricola Cervellin Tiziano\Via Fontane, 6, 31011 Asolo TV\https://www.facebook.com/Azienda-agricola-Cervellin-Tiziano-216667785814380/\347 949 4072\\TV\
Macelleria di Piccolotto Luciano\Via Giorgione, 19, 31011 Asolo TV\http://www.piccolotto.it/\0423 952834\ordini@piccolotto.it info@piccolotto.it\TV\
Scomazzon Mariano\151, Via Robert Browning, Asolo, TV 31011\\0423 529109\\31011\
Asolo Food S.N.C. Di Gallina Michele & C.\Via Enrico Fermi, 53, 31011 Asolo TV\http://www.asolofood.com/\0423 950211\info@asolofood.com\TV\
Azienda agricola Berton\Via Lauro, 39B, 31011 Lauro TV\\0423 564247\\TV\
Porchetta a Manetta\Via Dante, 24, 31011 Asolo TV\https://www.facebook.com/asoloprodottitipici\333 506 9231\\TV\
Dpi Supermercato Asolo\Via Castellana, 31011 Asolo TV\https://www.d-piu.com/\0423 372413\\TV\
Formaggeria Real Milk\\\\\\
Cenedese Carni\\\\\\
Macelleria Aurora\\\\\\
Alimentari Eredi Cremonese\\\\\\
Td - Trombin Davide\\\\\\
La Salumeria di Eustacchio\\\\\\
Gastronomia Fontebasso S.R.L.\\\\\\
Cenedese Carni Snc Di Cenedese Mauro Alvaro E Rossano\\\\\\
Nicoletti Claudio\Via Piave, 5, 31031 Caerano di San Marco TV\\0423 859393\\TV\
C Dispensa\Via Vittime del Vajont, 6a, 31031 Caerano di San Marco TV\http://www.cadispensa.com/\0423 665372\ajax-loader@2x.gif info@cadispensa.com\TV\
Macelleria Furlanetto snc\Via Piave, 24/C, 31031 Caerano di San Marco TV\\349 780 5136\\TV\
Macelleria ANNOR\di San, Via Kennedy, 54, 31031 Caerano di San Marco TV\\\\TV\
Le Carni\Via Piave, 24, 31031 Caerano di San Marco TV\\\\TV\
Alimentari Delia Faccin Snc\Via Settembre 1944, 52, 31031 Caerano di San Marco TV\\0423 650091\\TV\
CRAI - Da Volpe\Via S. Marco, 201, 31031 Caerano di San Marco TV\https://www.crai-supermercati.it/punto-vendita/204-crai-da-volpe-caerano/\0423 650182\\TV\
CRAI - Le Madonnette\Via Montello, 79, 31031 Caerano di San Marco TV\http://www.crai-supermercati.it/ama/punti-vendita/pdv.php?id=143\0423 650073\\TV\
Tieppo Sergio\Via S. Marco, 201, 31031 Caerano di San Marco TV\\0423 650182\\TV\
iN's Mercato S.p.a\Via Lepanto, 34, 31031 Caerano di San Marco TV\http://www.insmercato.it/\375 560 2526\\TV\
Salumificio Stecca Srl\Via del Cristo, 11C, 31044 Montebelluna TV\http://www.salumificiostecca.it/\0423 86270\salumificiosteccasrl@gmail.com\TV\
Supermercato Eurospar Caerano San Marco\Via Padova, 2, 31031 Caerano di San Marco TV\https://www.despar.it/it/punto-vendita-eurospar/802/caerano-san-marco/\0423 859881\\TV\
CarniSalumi\Via Salvo D'Acquisto, 31044 Montebelluna TV\https://www.gruppodoro.com/\0423 614041\gruppodoro@gmail.com\TV\
Macelleria Azienda Agricola Torresan\P.za Luigi Negrelli, 23, 31044 Montebelluna TV\https://www.salumitorresan.it/\0423 370464\\TV\
Salumificio Azienda Agricola Torresan s.s.\Via Ivo Lollini, 16, 31035 Crocetta del Montello TV\https://www.salumitorresan.it/\0423 84845\\TV\
Sartena-uomodonna produzione abbigliamento\Via Monte Grappa, 144, 31031 Caerano di San Marco TV\http://www.sartena.com/\0423 858576\\TV\
Osteria alla Veneta\Via Altivole, 45, 31031 Caerano di San Marco TV\http://www.osteriallaveneta.it/\346 492 3941\\TV\
REGATTA STORE\Via Padova, 1, 31031 Caerano di San Marco TV\\0423 650592\\TV\
Dorigo Aldo\Via Livel, 88, 31012 Cappella Maggiore TV\\0438 580541\\TV\
Salvador Formaggi di Qualit\Via Campagnole, 31012 Cappella Maggiore TV\http://www.salvadorformaggi.it/\340 920 9508\Salvadorformaggidiqualita@gmail.com\TV\
Da Dalt Renzo\Via Roma, 26, 31012 Cappella Maggiore TV\\340 364 0603\\TV\
Supermercati Visotto Cappella Maggiore\Via Livel, 99, 31012 Cappella maggiore TV\http://www.supermercativisotto.it/\0438 930023\info@supermercativisotto.it\TV\
Nuovi Sapori - Pasta fresca\Via Mescolino, 19/b, 31012 Cappella maggiore TV\https://www.nuovisapori.it/?utm_source=myb\346 991 1385\info@nuovisapori.it ordini@nuovisapori.it\TV\
La Formaggeria di Faraon Corrado\Via Anzano, 40, 31012 Cappella maggiore TV\\0438 556257\\TV\
Salumificio Follinese\Via dei Cavalli, 6, 31051 Follina TV\\\\TV\
Formaggi Salumi da Maria di Zanette Elda\Via Pasubio Nord, 46, 31016 Cordignano TV\https://www.facebook.com/formaggiesalumidaMaria\0438 995648\\TV\
Della Libera Massimo\Via Pontavai, 195, 31029 Vittorio Veneto TV\\347 324 0207\\TV\
Macelleria Da Dalt Di Marzio Da Dalt\Via Antonio Canova, 59, 31029 Vittorio Veneto TV\\0438 560660\\TV\
Taciturno\Via Boschetta, 15, 31014 Mescolino-minelle TV\\0438 39731\\TV\
NELLO Salumi & Formaggi\Via XXIV Maggio, 62, 31015 Conegliano TV\\\\TV\
Salumeria Miatto dal 1940\Via Ungheresca, 1/C, 31025 Santa Lucia di Piave TV\\0438 701783\\TV\
Zambon Giandomenico Macelleria Salumeria\Via Roma, 16, 31020 San Fior TV\\0438 768524\\TV\
da NELLO, Formaggi E Salumi Cima - Negozio di Salumi e Formaggi, Specialit Alimentari.\Via XXIV Maggio, 62, 31015 Conegliano TV\\0438 411362\\TV\
Macelleria Salumeria Salvador Enrico\Via Menarè, 145, 31015 Conegliano TV\\0438 39774\\TV\
Azienda Agricola Vitivinicola Barazza\Borgo Portinor, 2, 31012 Cappella maggiore TV\http://www.vitivinicolabarazza.it/\0438 580834\barazza@pec.it info@vitivinicolabarazza.it\TV\
IN DISPENSA - specialit alimentari\Via degli Alpini, 8, 31030 Carbonera TV\http://www.indispensacarbonera.it/\0422 397908\\TV\
Paneghel Carni\Via Grande di Mignagola, 114, 31030 Carbonera TV\\0422 396060\\TV\
GI.SA.MARKET di Nardari Gianluigi\Via Vittorio Veneto, 80, 31030 Carbonera TV\\0422 398126\\TV\
Salumificio e ingrosso carni Toresan\Via Talponera, 66/a, 31050 Ponzano Veneto TV\http://www.toresan.it/\0422 523296\mario@rossi.it info@toresan.it\TV\
Salumificio Roncadese\Via F. Manera, 21, 31056 Roncade TV\http://www.salumificioroncadese.it/\0422 840725\\TV\
B.Z. S.a.s di Bertuol Gianluca\Via Armando Diaz, 81/a, 31050 Carbonera TV\\327 576 7698\\TV\
So Pronto S.r.l.\Via A. Gentilin, 4, 31030 Carbonera TV\https://www.sopronto.it/\0422 397678\\TV\
Azienda Agricola Colladon Tempesta Daniele\Via Biban, 44A, 31030 Carbonera TV\\346 586 1181\\TV\
Despar\Via Vittorio Veneto, 78, 31030 Carbonera TV\https://www.despar.it/it/punto-vendita-despar/744/carbonera/\0422 398126\\TV\
La Bottega Delle Carni E Formaggi\Via Postumia Ovest, 176, 31048 Olmi TV\\\\TV\
RIUL Azienda Agricola S.S.\Via degli Ex Internati, 11, 31030 Carbonera TV\\\\TV\
Panificio Sozza\Via Brigata Marche, 3, 31030 Carbonera TV\\0422 445247\\TV\
Supermercato Eurospar Carbonera\Via Grande di Mignagola, 104, 31030 Carbonera TV\https://www.despar.it/it/punto-vendita-eurospar/840/mignagola-di-carbonera/\0422 397548\\TV\
Caseificio Artigiano Zanchetta\Via Trento e Trieste, 17, 31032 Casale Sul Sile TV\http://www.prontolatte.it/\\\TV\
Schiavon Carni\Via Nuova Trevigiana Casale, 21, 31032 Casale sul Sile TV\\0422 788032\\TV\
Prix Quality\Via del Barcaro, 2, 31032 Casale sul Sile TV\https://www.prixquality.com/\800 894 422\leaflet@1.8.0 bootstrap@5.0.0-beta2 Logo-color@2x.png\TV\
Alper supermercati - Via San Michele\Via S. Michele, 47 H, 31032 Casale sul Sile TV\https://www.alisupermercati.it/negozi-e-volantini/negozi/casale-sul-sile\0422 822124\\TV\
Supermercato Coop\Via Roma, 35, 31032 Casale sul Sile TV\https://www.coopalleanza3-0.it/volantino-digitale/casale-sul-sile/promozioni/vetrina.html?utm_campaign=offerte-volantino&utm_content=5580&utm_medium=gmb&utm_source=google\0422 997014\filo.diretto@alleanza3-0.coop.it\TV\
Formaggi & Salumi\Via Pozzetto, 31057 Sant'Elena TV\\\\TV\
Eurospin\Via Nuova Trevigiana Casale, 114, 31032 Casale Sul Sile TV\\045 786 2000\\TV\
Latte e formaggi, salumi e piaceri alimentari\Via Sant'Antonino, 110, 31100 Treviso TV\https://www.lattee.it/\0422 320716\info@lattee.it\TV\
Il mio Vino da Denis\Via Nuova Trevigiana Casale, 28/30, 31032 Casale Sul Sile TV\https://ilmiovinodadenis.business.site/?utm_source=gmb&utm_medium=referral\333 900 3666\\TV\
Alquasitutto di Sartorato Remo\Via Roma, 10, 31032 Casale Sul Sile TV\https://www.facebook.com/pages/category/Bar/alquasitutto-1828625120553215/\0422 822916\\TV\
verdura e frutta\SP63, 31032 Casale sul Sile TV\\\\TV\
Zona mercato Casale sul Sile\31032 Casale sul Sile TV\\\\TV\
Latteria Formaggi e Salumi Birello Paride\Viale S. Marco, 68, 30020 Marcon VE\\041 456 8590\\VE\
Macelleria Salumeria Fratelli Mazzaro\Via Zermanesa, 48/A, 31021 Mogliano Veneto TV\https://www.macelleriamazzaro.it/\041 590 2282\macelleriamazzaro@gmail.com\TV\
Tinello Sile Bistrot\Via Vittorio Veneto, 39, 31032 Casale Sul Sile TV\https://tinellosilebistrot.business.site/?utm_source=gmb&utm_medium=referral\347 484 6842\\TV\
Macelleria Pavan\Via Roma, 32, 31057 Silea TV\\0422 362838\\TV\
Macelleria e Gastronomia Fabio Furlan\Via F. Filzi, 48/D, 31036 Istrana TV\https://macelleriagastronomiafurlan.it/index.html\0422 738317\info@macelleriagastronomiafurlan.it\TV\
Macelleria da Ivan\Str. Terraglio, 385, 31022 Preganziol TV\\0422 331994\\TV\
Sartorato Ferdinando & C.\Via Roma, 24, 31030 Dosson TV\\0422 382953\\TV\
Azienda Agricola Pastrello S.S. di Francesco e Luigino\Via Tito Speri, 66, 30037 Scorzè VE\https://azienda-agricola-pastrello-ss-di-francesco-e.business.site/?utm_source=gmb&utm_medium=referral\392 869 7581\\VE\
SALUMERIA\Via Guglielmo Oberdan, 30020 Marcon-Gaggio-Colmello VE\\\\VE\
Mirco Carni Al Gusto\Via Poianon, 8, 30020 Marcon VE\\339 652 5093\\VE\
Luigi Danesin Sas di Danesin A. & C.\Corso del Popolo, 28, 31100 Treviso TV\https://www.danesin.it/danesin/\0422 540625\danesin.tv@gmail.com\TV\
Macelleria da Andrea\\\\\\
Al Supermercato\\\\\\
Cattarin Pierangelo\\\\\\
Supermercato Interspar Casier\\\\\\
Macelleria Stecca Gastronomia\\\\\\
Sartorato Ferdinando & C. S.N.C.\\\\\\
Carnissima Srl\\\\\\
Macelleria Gastronomia da Mario e Miranda\Viale Trento E Trieste, 17, 31030 Castelcucco TV\\0423 563358\\TV\
Macelleria Da Primo Di Lionello Davide\Via Papa Giovanni XXIII, 24, 31030 Castelcucco TV\\0423 563418\\TV\
Supermercato DESPAR Castelcucco\Viale Trento E Trieste, 55, 31030 Castelcucco TV\https://www.despar.it/it/punto-vendita-despar/52/castelcucco/?&utm_source=google&utm_medium=organic&utm_campaign=local-sitoweb-supermercato-despar-castelcucco\0423 962185\\TV\
Macelleria salumeria Michelet Mirco\Via Artigianato, 25, 31017 Pieve del Grappa TV\\0423 53122\\TV\
Bar Al Portego\Via del Portego, 12, 31030 Castelcucco TV\\0423 962155\\TV\
Salumi & Formaggi Dalla Libera Mirca\Via S. Gaetano, 17, 31030 Castelcucco TV\https://www.facebook.com/dallaliberasalumiformaggi\331 118 8899\\TV\
Targhetta Umberto\Via Francesco Maria Preti, 33, 31033 Castelfranco Veneto TV\\0423 495368\\TV\
Marin S.r.l.\Via Panigaia di Treville, 31, 31033 Castelfranco Veneto TV\\0423 472739\\TV\
Il Piacere della Carne Nostrana di Mero Franco\Borgo Treviso, 87, 31033 Castelfranco Veneto TV\https://m.facebook.com/ilpiaceredellacarnenostrana/?locale=it_IT&_rdr\0423 420555\\TV\
La Bottega Della Carne\Via E. de Amicis, 4, 31033 Castelfranco Veneto TV\\338 560 7022\\TV\
Stragliotto Carni\Via Francesco Maria Preti, 45, 31033 Castelfranco Veneto TV\\0423 494467\\TV\
Biosapori Castelfranco Veneto\Via Forche, 1E, 31033 Castelfranco Veneto TV\http://www.biosapori.com/\0423 493681\\TV\
Macelleria Targhetta Di Targhetta Pietro & C. (S.N.C.)\Piazza Giorgione, 17, 31033 Castelfranco Veneto TV\\0423 493480\\TV\
Del Borgo Carni Srl\Via Borgo Padova, 82, 31033 Castelfranco Veneto TV\\0423 493101\\TV\
Monetti\Via della Cerva, 31033 Castelfranco Veneto TV\\\\TV\
Roberto Candiotto - Formaggi e Salumi dal 1959\Via Vittorio Veneto, 45, 31023 Resana TV\https://candiottoformaggi.it/\0423 480271\roberto@candiottoformaggi.it\TV\
La Bottega Borgo Pieve\Borgo Pieve, 55, 31033 Castelfranco Veneto TV\https://la-bottega-borgo-pieve.vidra.shop/it\0423 492836\bottegaborgopieve@libero.it\TV\
Varo Elisabetta Alimentari\Via Lovara, 12, 31033 Castelfranco Veneto TV\\0423 490414\\TV\
Gastronomia Nonna Giuliana\Borgo Vicenza, 39/A, 31033 Castelfranco Veneto TV\\0423 374289\\TV\
Fer.Vit S.A.S. Di Ferrara Loredana & C.\Via Antonio Diedo, 1, 31033 Castelfranco Veneto TV\\0423 401506\\TV\
Gatto Renato\Borgata Padova, 82, 31033 Castelfranco Veneto TV\\0423 493101\\TV\
Pietrobon Walter\Via E. de Amicis, 43, 31033 Castelfranco Veneto TV\\0423 491861\\TV\
Cooperativa San Bovo\Via Don Ernesto Bordignon, 30, 31033 Castelfranco Veneto TV\http://www.coopcastellana.it/\0423 496901\purecss@1.0.0\TV\
Gazzola Giancarlo\Via Brenta, 25, 31033 Castelfranco Veneto TV\\0423 494567\\TV\
Confortin Maurizio\Via Cà Rossa, 13, 31033 Ca' Rossa TV\\0423 482414\\TV\
Cadoro Supermercati - Castelfranco\Via Circonvallazione Est, 30C, 31033 Castelfranco Veneto TV\https://www.cadoro.it/punti-vendita/castelfranco\0423 491160\\TV\
NaturaS\Borgo Treviso, 132, 31033 Castelfranco Veneto TV\https://negozi.naturasi.it/italia/treviso/castelfranco-veneto?utm_source=google&utm_medium=GMBSitelink&utm_campaign=GMBSitelink_Castelfranco_Veneto_23752\0423 720140\castelfranco1@naturasi.biz\TV\
Zuccolotto Maurizio\Via Castellana, 40, 31033 Castelfranco Veneto TV\\0423 482627\\TV\
Mazzon Francesco\Via Postioma di S. Floriano, 22, 31033 Castelfranco Veneto TV\\0423 476585\\TV\
Iper La grande i - Castelfranco Veneto\Via dei Carpani, 21 A, 31033 Castelfranco Veneto TV\http://www.iper.it/castelfranco-veneto\0423 7371\iper.montebello@iper.it iper.magenta@iper.it iper.rubicone@iper.it iper.varese@iper.it iper.busnago@iper.it iper.seriate@iper.it iper.orio@iper.it iper.arese@iper.it iper.grandate@iper.it iper.lonato@iper.it iper.cremona@iper.it iper.castelfranco@iper.it iper.verona@iper.it iper.tortona@iper.it iper.serravalle@iper.it iper.portello@iper.it iper.monza@iper.it iper.vittuone@iper.it iper.brembate@iper.it iper.rozzano@iper.it iper.solbiate@iper.it\TV\
DAI MOTI agribottega\Via Casoni, 6a, 31033 Castelfranco Veneto TV\\348 439 8202\\TV\
Vigliotti Group Padova Srl\Via Caprera, 52/D, 31030 Castello di Godego TV\\0423 760410\\TV\
Macelleria Stangherlin Di Stangherlin Damiano\Via Vegre, 29, 31030 Castello di Godego TV\\0423 760160\\TV\
80 La Macelleria Baggio\Via Muson, 2/a/int.4, 31030 Castello di Godego TV\https://macelleriabaggio.business.site/\348 122 2469\\TV\
Alimentari Sbrissa - S.A.S. Di Sbrissa Giovanni & Sas\Via Verdi, 1, 31030 Castello di Godego TV\\0423 469700\\TV\
Dpi Castello di Godego\Via Enrico Fermi, 2, 31030 Castello di Godego TV\https://www.d-piu.com/\0423 760197\\TV\
Panificio Marchesan\Via Roma, 80, 31030 Castello di Godego TV\\0423 468996\\TV\
SUPERMERCATO A&O\Via Papa Luciani, 7, 31030 Castello di Godego TV\https://www.aeo.it/punti-vendita/veneto/supermercato-aeo-castello-di-godego\0423 468846\super-aeo-logo@2x.png\TV\
Supermercato Crai - Bonito Srl\Via Piave, 11, 31030 Castello di Godego TV\https://www.crai-supermercati.it/punti-vendita/pdv.php?id=250\0423 469829\\TV\
Salumificio Micad - Logistica\Via Luigi Einaudi, 53, 36056 Tezze sul Brenta VI\https://www.salumificiomicad.it/\0424 561138\info@salumificiomicad.it\VI\
Martini Roberto Affinatura Formaggi e Salumi\Via Merry del Val, 13, 31039 Riese Pio X TV\\0423 483156\\TV\
Salumificio Micad - Produzione\Via degli Alpini, 10, 36056 Belvedere VI\http://www.salumificiomicad.it/\0424 561138\info@salumificiomicad.it\VI\
Bassani Alberto\Via Trento, 3, 31030 Castello di Godego TV\\0423 468962\\TV\
Salami di Casa - Duregon Piccole Produzioni Locali\Via Venezia, 43, 31023 Resana TV\\\\TV\
Salumificio F.Lli Scapocchin S.R.L.\Via Giorgio la Pira, 14, 35012 Camposampiero PD\\049 641642\\PD\
Pianeta Verde da Alberto\Via L. da Vinci, 40, 31030 Castello di Godego TV\https://www.facebook.com/Pianeta-Verde-584386665056027/\0423 468962\\TV\
Salumi Malvestio\Via Lovara, 37, 35010 Borgoricco PD\\338 410 1408\\PD\
Micad SNC di Marcon Giancarlo & C\Via A. De Gasperi, 46, 36056 Tezze sul Brenta VI\https://www.salumificiomicad.it/\\info@salumificiomicad.it\VI\
Formaggi Salumi\Via Giotto, 22, 36027 Rosà VI\\\\VI\
Macelleria Salumeria Manente Fabio\Via Castellana, 28, 30030 Martellago VE\https://www.facebook.com/Macelleria-da-Fabio-102230238453749\041 540 0942\\VE\
Castello di Godego\\\\\\
Azienda Agricola Zago Flavia\Via Castagnera Sud, 28, 31038 Castagnera Alta TV\\0422 99316\\TV\
CRAI MACELLERIA E SALUMERIA MARTINI S.A.S.\Via Filippo Turati, 8, 31038 Paese TV\https://www.crai-supermercati.it/punto-vendita/234-crai-supermercato-martini/\0422 99036\\TV\
Dalle Nogare Formaggi & Salumi\21/22 lg, Largo Parolini, 36061 Bassano del Grappa VI\https://www.formaggidallenogare.com/\0424 228474\\VI\
Salumificio Lanzarini\Strada S. Rocco, 47, 36061 Bassano del Grappa VI\http://lanzarini.it/\0424 566478\\VI\
Salumificio Piovesan S.r.l.\Via Cal Lusent, 55, 31040 Pederobba TV\http://www.salumificiopiovesan.com/\0423 688718\info@salumificiopiovesan.com\TV\
Pane e Dolci Turra\Via S. Pio X, 7, 31034 Cavaso del Tomba TV\\0423 562127\\TV\
Supermercato Crai 5effe SRL\Borgo Filanda, 34, 31034 Cavaso del Tomba TV\https://www.crai-supermercati.it/punti-vendita/pdv.php?id=212\0423 942150\\TV\
Centro Veneto Formaggi\Via Valcavasia, 40, 31034 Caniezza TV\https://www.venetoformaggi.it/it/azienda/\0423 543198\company_banner@3x.jpg company_banner@2x.jpg ico_instagram@3x.png foto-drone@2x.jpg VENETOFORMAGGI-badge-colore@2x.png VENETOFORMAGGI-badge-bianco@3x.png VENETOFORMAGGI-logo@3x.png foto-drone@3x.jpg chiudi@3x.png VENETOFORMAGGI-badge-bianco@2x.png commerciale@venetoformaggi.it chiudi@2x.png VENETOFORMAGGI-logo@2x.png map_placeholder@3x.png ico_facebook@2x.png VENETOFORMAGGI-badge-colore@3x.png menu@3x.png menu@2x.png ico_instagram@2x.png ico_facebook@3x.png map_placeholder@2x.png amministrazione@venetoformaggi.it\TV\
Macelleria Baldin Andrea\Via Roma, 22, 31040 Pederobba TV\\0423 69887\\TV\
Cavaso del Tomba\\\\\\
Latteria Fedrigo  Spaccio Aziendale\Via Callunga, 51, 31040 Cessalto TV\http://www.latteriafedrigo.it/\348 344 2513\info@latteriafedrigo.it\TV\
Salumificio Marescutti Srl\Via Valcellina, 3/M, 33097 Istrago PN\http://www.marescutti.it/\0427 90026\ersa@300x.png info@marescutti.it bollo-ce-sito@300x.png ifs-sito@300x.png csqa_logo@300x.png iosonofvg-sito@300x.png\PN\
La Torre s.r.l.\Via Triestina, 3, 30020 Torre di mosto VE\\347 075 3472\\VE\
Supermercati Visotto Ceggia\Via Guglielmo Marconi, 1, 30022 Ceggia VE\http://www.supermercativisotto.it/\0421 329777\info@supermercativisotto.it\VE\
salumeria perusco\Via Pietro Zorutti, 21, 34144 Trieste TS\http://salumeriaperusco.weebly.com/\393 864 7200\\TS\
Cessalto\\\\\\
La Salumeria di Elena Debiasi\Via Cesare Beccaria, 13, 34133 Trieste TS\http://www.lasalumeria.eu/\040 361470\\TS\
Salumeria Cenni Trieste\Via Domenico Rossetti, 37, 34139 Trieste TS\\375 639 5403\\TS\
Salumeria Sfreddo - Trieste\Via Cesare Battisti, 1, 34125 Trieste TS\http://www.sfreddo.it/\040 764465\\TS\
Salumi-Formaggi\Via delle Settefontane, 10, 34015 Trieste TS\\\\TS\
Antica salumeria dell'angolo\Via Cecilia de Rittmeyer, 10/A, 34134 Trieste TS\https://www.facebook.com/anticasalumeriadellangolo/\324 586 6222\\TS\
La Salumeria Di Marsi Sabrina\Via delle Settefontane, 21, 34141 Trieste TS\https://www.lasalumeria.eu/\040 392311\\TS\
SVELTO A&O\Via Grassaga, 11, 30027 Grassaga-San Giorgio VE\https://www.aeo.it/punti-vendita/veneto/svelto-aeo-s--dona--di-piave\0421 321118\svelto-aeo-logo@2x.png\VE\
Salumeria Andrea Masiello\Via del Rivo, 44a, 34137 Trieste TS\\393 959 8350\\TS\
Frutta e Verdura - Alimentari Nangano - Salumeria - Gastronomia\Via di Cavana, 15/C, 34121 Trieste TS\https://nanganotrieste.business.site/?utm_source=gmb&utm_medium=referral\338 236 4160\\TS\
Salumeria Toich\Via Pasquale Revoltella, 81, 34139 Trieste TS\\\\TS\
Salumeria Gastronomia Svevo\Via Italo Svevo, 36, 34145 Trieste TS\https://salumeria-gastronomia-svevo.eatbu.com/\040 813485\\TS\
Il Boss Dei Salumi\Via dei Giacinti, 30/C, 34135 Trieste TS\\\\TS\
Cocetti Roberto\Via Bernardo Benussi, 9, 34148 Trieste TS\\040 810264\\TS\
Salumeria Denis\Via di Cologna, 14, 34126 Trieste TS\\\\TS\
Sartorato Ferdinando & C. s.n.c.\Viale IV Novembre, 41, 31100 Treviso TV\https://www.facebook.com/MacelleriaSartoratoTrevisoFiera/\0422 56594\\TV\
Crai\Via Roma, 99, 31040 Chiarano TV\http://www.crai-supermercati.it/punti-vendita/pdv.php?id=129\0422 746597\\TV\
Macelleria B. Battistin\Via Giorgio Vasari, 13, 34129 Trieste TS\\040 762352\\TS\
Torresano Salumi e Tradizioni dal 1971\Via Triestina, 3, 30020 Torre di Mosto VE\http://www.torresano.it/\0421 312081\salumificio@torresano.it rialtofoodart@pec.it\VE\
Bolzan Antonio\Via Carbonere Nuove, 2, 31040 Fossalta Maggiore TV\\0422 746093\\TV\
Azienda Agricola Zanatta Mauro\Via Risere Nuove, 21, 31040 Chiarano TV\http://www.vinizanattamauro.com/\348 719 8795\rossanazanatta@gmail.com\TV\
MPQ2 - Macelleria & Gastronomia\Via Giulia, 20, 34126 Trieste TS\\\\TS\
Antica Bottega Del Gusto  negozio alimentari trieste\Via delle Torri, 1, 34122 Trieste TS\https://www.villanovich.com/\040 631820\\TS\
Dentesano Salumi srl\Via Aquileia, 89, 33050 Percoto UD\http://www.dentesano.it/\0432 676397\user@domain.com. info@dentesano.it info@amazingfood.it shop@dentesano.it shop@dentesano.it.\UD\
Salumificio Vicentino Srl\Via della Tecnica, 16, 36034 Zona Industriale di Molina VI\\0445 330245\\VI\
Chiarano\\\\\\
La Becheria Macelleria Gastronomia\Piazza Martiri, 15, 31010 Cimadolmo TV\http://www.labecheria.it/\\\TV\
Salvadori Agricoltura\Via Piave, 6, 31010 San Michele di Piave TV\http://www.salvadoriagricoltura.com/\0422 743024\info@salvadoriagricoltura.com\TV\
Azienda agricola Otello Furlan\Via Grave, 23, 31010 Grave di Papadopoli TV\\349 446 0835\\TV\
Latteria Montelliana S.n.c.\Viale Caccianiga, 48, 31052 Maserada sul Piave TV\http://www.latteriamontelliana.com/\0422 778401\info@latteriamontelliana.com\TV\
Cimadolmo\\\\\\
Casa Belfi di Donadi Maurizio e Albino Armani\Via Guizza, 28, 31020 San Polo di Piave TV\http://www.casabelfi.blogspot.com/\338 410 7723\+Italia@45.776204\TV\
Azienda Agricola Cecchetto Giorgio  Societ Benefit\Via Piave, 67, 31028 Vazzola TV\http://www.rabosopiave.com/\0438 28598\info@rabosopiave.com\TV\
Il Grillo\Via Papadopoli, 17, 31010 Cimadolmo TV\http://www.anticaosteriazanatta.com/\0422 743950\\TV\
Macelleria Dal Cin Attilio\Via Roma, 99, 31013 Codognè TV\\0438 795306\\TV\
Eurocarni Di Zanette Luigi\Via Roma, 25, 31013 Codogné TV\\0438 794764\\TV\
Zanette Dino\Via Aldo Moro, 24, 31013 Codogné TV\\0438 794894\\TV\
Supermercato CRAI\Via XXX Ottobre, 67, 31013 Codogné TV\https://www.crai-supermercati.it/punto-vendita/254-supermercati-salamon-codogne/\\\TV\
Gemm Srl\Via del Lavoro, 37, 31013 Codognè TV\http://www.gemm-srl.com/?utm_source=googlemaps&utm_medium=mybusiness&utm_campaign=mybusiness\0438 778504\info@gemm-srl.com flags@2x.png\TV\
Cantine Introvigne - Vini e Spumanti\Via del Lavoro, 65/67, 31013 Codognè TV\http://www.cantineintrovigne.com/\0438 470327\info@cantineintrovigne.com\TV\
Zanette 2000 Di Zanette Lorenzo Macelleria\Via Levada, 16, 31010 Godega di Sant'Urbano TV\\0438 794105\\TV\
Antonella Salumi e Formaggi di Ceotto Antonella\Piazza Vittorio Emanuele, 33, 31028 Vazzola TV\\\\TV\
IperTosano Colle Umberto\Via Calate, 12, 31014 Colle Umberto TV\http://www.supertosano.com/\0438 394841\toscas@supertosano.com tospra@supertosano.com tosfer@supertosano.com tosthi@supertosano.com tosorz@supertosano.com toscos@supertosano.com tosumb@supertosano.com tosano@supertosano.com tosjes@supertosano.com toscur@supertosano.com tosmnt@supertosano.com tosbov@supertosano.com toscer@supertosano.com cesti@supertosano.com tosmaz@supertosano.com toscor@supertosano.com toscst@supertosano.com tosvag@supertosano.com tosleg@supertosano.com tosmgl@supertosano.com tosped@supertosano.com\TV\
De Filippo Prodotti&Delizie dalla Puglia\Via G. Verdi, 14, 31014 Mescolino-minelle TV\\338 980 5554\\TV\
Supermercati Tosano Cerea S.r.l.\Via Calate, 13, 31014 Colle Umberto TV\https://www.supertosano.com/\0438 394841\toscas@supertosano.com tospra@supertosano.com tosfer@supertosano.com tosthi@supertosano.com tosorz@supertosano.com toscos@supertosano.com tosumb@supertosano.com tosano@supertosano.com tosjes@supertosano.com toscur@supertosano.com tosmnt@supertosano.com tosbov@supertosano.com toscer@supertosano.com cesti@supertosano.com tosmaz@supertosano.com toscor@supertosano.com toscst@supertosano.com tosvag@supertosano.com tosleg@supertosano.com tosmgl@supertosano.com tosped@supertosano.com\TV\
Margherita Srl\31014 Colle Umberto TV\\\\TV\
Supermercato CRAI Colle Umberto\Via Vittorio Veneto, 17, 31014 San Martino TV\https://www.crai-supermercati.it/punti-vendita/pdv.php?id=149\0438 500484\\TV\
Za Macelleria Salumeria\Via G. Matteotti, 24, 31015 Conegliano TV\\\\TV\
Salumeria Macelleria Steakhouse di Reziere Domenico\Via Nubie, 3/B, 31053 Pieve di Soligo TV\\0438 82352\\TV\
Macelleria Eredi Covre Giorgio S.N.C.\Via Perosa, 16, 31010 Godega di Sant'Urbano TV\https://www.macelleriacovre.it/\0438 388273\react-dom@16.14.0 605a7baede844d278b89dc95ae0a9123@sentry-next.wixpress.com core-js-bundle@3.2.1 react@16.14.0 focus-within-polyfill@5.0.9 8c4075d5481d476e945486754f783364@sentry.io carnesanacovre@gmail.com lodash@4.17.21 8eb368c655b84e029ed79ad7a5c1718e@sentry.wixpress.com\TV\
Salumeria Marcon\Str. delle Bruscole, 11, 31015 Conegliano TV\\0438 788095\\TV\
Salumificio M. Brugnolo Srl\Via Venezia, 15, 35010 Perarolo di Vigonza PD\http://www.salumificiobrugnolo.it/\049 893 4222\\PD\
Salumificio Il Colle\Via Creta, 64, 29010 Vicobarone PC\https://www.valtidonesalumi.com/\0523 868121\info@valtidonesalumi.com valtidonespa@legalmail.it\PC\
Macelleria Torresan Roberto & C.\Via Livello, 3/A, 31050 Ponzano Veneto TV\http://www.salumitorresan.it/\346 536 1958\\TV\
Salumi De Stefani Srl\Str. di Guia, 31, 31049 Valdobbiadene TV\https://www.salumidestefani.it/\0423 901065\\TV\
Macello e Macelleria Zambon F.lli\Via Cal Larga, 18, 31020 San Fior di Sotto TV\\335 527 3490\\TV\
Macelleria Salumeria Di Pianca Adar\Via Duca D'Aosta, 25, 31028 Vazzola TV\https://www.facebook.com/macelleriasalumeriadipiancaadar\0438 196 1000\\TV\
Michielin Az. Agricola\31035 Crocetta del Montello TV\\349 263 5984\\TV\
Macelleria Salumeria Centro Carni Berlese (S.A.S.)\Via dei Cappellari, 14, 31018 Gaiarine TV\\0434 758890\\TV\
Adiuvas srls\Via Costa Rive, 52A, 31029 Vittorio Veneto TV\http://www.adiuvas.org/\388 838 5555\dd0a55ccb8124b9c9d938e3acf41f8aa@sentry.wixpress.com react-dom@16.14.0 605a7baede844d278b89dc95ae0a9123@sentry-next.wixpress.com core-js-bundle@3.2.1 react@16.14.0 c183baa23371454f99f417f6616b724d@sentry.wixpress.com focus-within-polyfill@5.0.9 8c4075d5481d476e945486754f783364@sentry.io adiuvas@adiuvas.org lodash@4.17.21 8eb368c655b84e029ed79ad7a5c1718e@sentry.wixpress.com\TV\
Macelleria, Salumeria Al Becher Di Bernardi Gianluca\Piazza Papa Luciani, 7, 31020 Corbanese TV\\0438 933153\\TV\
La Macelleria di Zaia e Tomasella\Via XXIV Maggio, 18/A, 31015 Conegliano TV\\0438 23109\\TV\
Macelleria Montagner N. & C.\Piazzale S. Martino, 9, 31015 Conegliano TV\https://www.instagram.com/macelleriamontagner/\0438 22119\\TV\
Roma Gianfranco Specialit per La Ristorazione\Via Maggiore G. Piovesana, 146, 31015 Conegliano TV\http://www.romagianfranco.com/\0438 412253\info@romagianfranco.com\TV\
Bottega della Carne\Via Ortigara, 127, 31015 Conegliano TV\\0438 60148\\TV\
Gastronomia Stabile a 180\Viale Italia, 15, 31015 Conegliano TV\\339 436 9480\\TV\
Macelleria Zambon Alvaro\Via G. Matteotti, 24, 31015 Conegliano TV\https://www.facebook.com/macelleriazambon/\0438 22419\\TV\
Le mannaie -Bekeria-\Via Camillo Benso Conte di Cavour, 37, 31015 Conegliano TV\\\\TV\
Macelleria Rangrazio\Via Daniele Manin, 39/e, 31015 Conegliano TV\https://www.macelleriarangrazio.it/\0438 62952\massimo.rangrazio@gmail.com\TV\
Saccon Danilo\Via Santa Caterina da Siena, 9, 31015 Conegliano TV\\0438 370334\\TV\
Macelleria Zambon Edoardo & C. S.n.c.\Via Immacolata di Lourdes, 10, 31015 Conegliano TV\\0438 24249\\TV\
Corrocher Mariano\Via Ortigara, 144/A, 31015 Conegliano TV\https://www.corrochermariano.it/\337 492 599\sdp@simonedepaolis.it info@corrochermariano.it\TV\
El Cason della Ba Venezia\Via XX Settembre, 81, 31015 Conegliano TV\http://www.trattoriacittadivenezia.it/\0438 181 0037\Asset-2@300x.jpg Asset-3@300x-768x256.png Asset-3@300x.png ristorantecittadivenezia@gmail.com Asset-3@300x-1024x342.png Asset-2@300x-768x129.jpg Asset-3@300x-300x100.png Asset-2@300x-300x50.jpg\TV\
Latteria di Conegliano\Via M. Giunti, 18, 31015 Conegliano TV\\0438 60777\\TV\
Il Golosone di Christian Weger\Viale L. Spellanzon, 76, 31015 Conegliano TV\\\\TV\
Panificio Pellegrinet\Via Ortigara, 42, 31015 Conegliano TV\\0438 61005\\TV\
ALDI Conegliano Veneto\Via S. Giuseppe, 27/A, 31015 Conegliano TV\https://www.aldi.it/it/trova-il-punto-vendita/aldi-treviso/aldi-conegliano-veneto.html?pk_campaign=GMB&pk_source=google\800 370 370\\TV\
Le Gout Rosticceria\Viale Istria, 45, 31015 Conegliano TV\http://legoutrosticceria.interviewforwork.it/\0438 31995\LEGOUT.ROSTICCERIA@GMAIL.COM LEGOUTROSTICCERIA@GMAIL.COM\TV\
Winner x Eat's Conegliano\Via Cesare Battisti, 5R, 31015 Conegliano TV\https://supermercatiwinner.it/conegliano/\0438 61996\supermercati@alicomwinner.it\TV\
Remo  Gastronomia & Cucina\Via Monticano, 12A, 31015 Conegliano TV\\389 044 4033\\TV\
Cadoro Supermercati - Conegliano\Via Fabio Filzi, 40/42, 31015 Conegliano TV\https://www.cadoro.it/punti-vendita/conegliano\0438 418301\\TV\
La bottega di Roma Gianfranco\Viale XXIV Maggio, 137, 31015 Conegliano TV\\0438 184 1292\\TV\
MD S.p.A.\Via Padova, 96, 31015 Conegliano TV\https://www.mdspa.it/punti-vendita/Veneto/TV-Treviso/786-CONEGLIANO\320 718 9367\\TV\
Uwaigboe Ebuwa\Via Adolfo Vital, 13, 31015 Conegliano TV\\0438 35705\\TV\
Scott supermercati\Via Immacolata di Lourdes, 150, 31015 Conegliano TV\http://supermercatiscotta.it/\0438 191 8051\email@example.com\TV\
Prodotti tipici Veneti  Salumi veneti  La fattoria di Michele Cordignano\Via Isonzo, 13, 31016 Cordignano TV\\347 975 6163\\TV\
Dama Bianca Di Bitto E Zilio Veronica E C. S.n.c.\Via Roma, 20, 31016 Cordignano TV\\0438 998252\\TV\
Macelleria Braido Luigi Snc Di Braido Cirillo & C.\Via Roma, 33, 31016 Cordignano TV\\0438 999084\\TV\
Tonon Giorgio & C. S.N.C.\Piazza Italia, 33, 31016 Cordignano TV\\0438 998450\\TV\
Macelleria Dal Cin di Dal Cin Guido & C. S.n.c.\Piazza Italia, 31, 31016 Cordignano TV\\0438 998378\\TV\
a o, SVELTO A&O CORDIGNANO (TV)\Via Piave, 3, 31016 Cordignano TV\https://www.aeo.it/punti-vendita/Veneto/svelto-aeo-cordignano\800 992 992\svelto-aeo-logo@2x.png\TV\
Cordignano\Via Pasubio Nord, 1, 31016 Cordignano TV\\0438 999224\\TV\
MAXI srl - Barazza Marco\Via Piave, 3, 31016 Cordignano TV\\351 903 3671\\TV\
Supermercato A&O Cordignano\Via Isonzo, 1, 31016 Cordignano TV\https://www.aeo.it/punti-vendita/Veneto/supermercato-aeo-cordignano\0438 995594\super-aeo-logo@2x.png\TV\
Market Rita\Piazza IV Novembre, 6, 31016 Cordignano TV\https://market-rita.business.site/?utm_source=gmb&utm_medium=referral\\\TV\
Cordignano  CONSORZIO AGRARIO di TREVISO e BELLUNO\Via Isonzo, 22, 31016 Cordignano TV\https://www.consorzioagrariotreviso.it/\0422 952818\\TV\
Dpi\Via Piave, 3, 31016 Cordignano TV\http://www.d-piu.com/\351 903 3671\\TV\
Ex Salumificio.\Via XXX Aprile, 31041 Cornuda TV\\\\TV\
Carnydea\10/12, Piazza D. Orazio Mondin, 31040 Cornuda TV\https://carnydeagroup.wixsite.com/website\0423 83428\88170cb0c9d64f94b5821ca7fd2d55a4@sentry-next.wixpress.com 605a7baede844d278b89dc95ae0a9123@sentry-next.wixpress.com react-dom@16.14.0 core-js-bundle@3.2.1 react@16.14.0 carnydeagroup@gmail.com focus-within-polyfill@5.0.9 8c4075d5481d476e945486754f783364@sentry.io baf30a2b91654c5a840931f0137bed30@sentry.wixpress.com lodash@4.17.21 0e6a29e4756740a8a63493e912ba2174@sentry.wixpress.com\TV\
Rosticceria Bolzonello di Bolzonello Luciana\Via Franzoia, 12, 31041 Cornuda TV\\0423 83605\\TV\
Cadoro Supermercati - Cornuda\Via dell'Industria, 23/25, 31041 Cornuda TV\https://www.cadoro.it/punti-vendita/cornuda\0423 638360\\TV\
Moretto Alimentari\Via S. Vettore, 4, 31041 Cornuda TV\https://www.crai-supermercati.it/punti-vendita/index.php?cap=&provincia=Treviso\0423 83166\\TV\
Az. Agr. Col dei Laghetti\Via Erizzo, 15, 31035 Crocetta del Montello TV\https://col-dei-laghetti.business.site/\348 759 8460\\TV\
SALUMIFICIO SPADER\Via Europa Unita, 13, 31010 Mosnigo TV\https://salumificio-spader.business.site/\0438 189 5591\\TV\
Macelleria Noal S.a.s Di Noal Renato & c.\Via Giovanni, Via Fantin, 37, 31035 Crocetta del Montello TV\\0423 868328\\TV\
Salumi e Formaggi Torresan Roberto & C.\Via Erizzo, 52, 31030 Crocetta del Montello TV\https://www.salumitorresan.it/\338 696 4130\\TV\
Macelleria da Robert\Via del Sole, 31, 31010 Farra di Soligo TV\https://www.facebook.com/bortolin.robert/\0438 801328\\TV\
Macelleria Amica di Barattin Daniele\Via dei Colli 46 Frazione Soligo, 31010 Farra TV\\0438 981142\\TV\
Berton Anna\Via S. Rocco, 16, 31010 Farra di Soligo TV\\0438 801262\\TV\
Azienda agricola damuzzo luca\Via Canal Nuovo, 31010 Farra di Soligo TV\\346 513 5004\\TV\
Supermercato Rosa Col San Martino CRAI\Via Brigata Mazzini, 67, 31010 Farra di Soligo TV\http://www.rosasupermercati.it/\0438 898282\miane@rosasupermercati.it farra@rosasupermercati.it info@rosasupermercati.it barbisano@rosasupermercati.it colsanmartino@rosasupermercati.it crocetta@rosasupermercati.it\TV\
Supermercato Rosa Farra di soligo CRAI\Via Patrioti, 27, 31010 Farra di Soligo TV\http://www.rosasupermercati.it/\0438 801679\miane@rosasupermercati.it farra@rosasupermercati.it info@rosasupermercati.it barbisano@rosasupermercati.it colsanmartino@rosasupermercati.it crocetta@rosasupermercati.it\TV\
Az. Agr. Bressan Daniele\Via S. Rocco, 18, 31010 Farra di Soligo TV\http://www.bressandaniele.it/\347 110 4124\INFO@BRESSANDANIELE.IT info@bressandaniele.it\TV\
Macelleria Salumeria La Bella di Padoin Daniele\Via Ligonto, 30, 31051 La Bella-ligonto TV\\0438 971324\\TV\
Supermercato Eurospar Farra di Sol.\Via Antonio Bellucci, 6, 31010 Farra di Soligo TV\https://www.despar.it/it/punto-vendita-eurospar/113/farra-di-soligo/\0438 841788\\TV\
Lidl\Via Antonio Bellucci, 7, 31010 Farra di Soligo TV\https://www.lidl.it/\800 480 048\\TV\
Cantina Posmon Di Luciano Carpene'\Via Castelletto, 123, 31010 Farra di Soligo TV\\0438 898132\\TV\
Macelleria bazar marrakech\Via Gaetano Schiratti, 54, 31053 Pieve di Soligo TV\\333 867 3598\\TV\
Azienda Agricola Le Volpere - VITICOLTORI DI PENDIO -\Via Ugo Cecconi, 13, 31010 Farra di Soligo TV\https://www.levolpere.it/\0438 801204\info@levolpere.it\TV\
Bar alla Posta\Via Patrioti, 46, 31010 Farra di Soligo TV\https://www.facebook.com/barallaPostaFarradiSoligo/\349 889 8014\\TV\
Azienda Agricola Soligo - Nardi Giordano\Via Piave, 13, 31010 Farra di Soligo TV\http://www.nardigiordano.com/\0438 82458\info@nardigiordano.com\TV\
La Vinai\Via Vinai, 8, 31010 Farra di Soligo TV\http://www.lavinai.it/\339 664 9611\info@lavinai.it\TV\
Macelleria Gastronomia Camilli\Via G. Marconi, 1, 31020 Sernaglia della Battaglia TV\\0438 966647\\TV\
Damuzzo Rino\Via M. Grappa, Barbisano, TV 31053, 31053 Pieve di Soligo TV\\0438 840051\\TV\
Minimarket De Noni sas\Via Luigi Pilla, 11, 31053 Pieve di Soligo TV\https://minimarket-de-noni-sas.business.site/?utm_source=gmb&utm_medium=referral\0438 82302\\TV\
La Farra\Via S. Francesco, 44, 31010 Farra di Soligo TV\http://www.lafarra.it/\0438 801242\info@lafarra.it\TV\
CANTINA RIVA GRANDA SOC.AG. S.S. Valdobbiadene Prosecco Superiore Winery\Via Canal Vecchio, 5/A, 31010 Farra di Soligo TV\http://www.proseccorivagranda.it/\333 461 8684\INFO@PROSECCORIVAGRANDA.IT\TV\
La Botga -salumi, formaggi,prodotti tipici-\Strada S. Pietro, 53, 31049 Valdobbiadene TV\\0423 972874\\TV\
Villa Maria Spumanti - Prosecco Superiore\Via S. Francesco, 15, 31010 Farra di Soligo TV\http://www.villamaria-spumanti.it/\0438 801121\info@villamaria-spumanti.it\TV\
Le Rive de Nadal\Via dei Cavai, 42, 31010 Farra di Soligo TV\http://www.lerivedenadal.com/\320 577 7661\info@lerivedenadal.com ristoro@lerivedenadal.com\TV\
Pianeta Alimentare S.R.L.\Via Monte Grappa, 33/35, 31020 Vidor TV\http://www.pianetalimentare.com/\0423 987151\info@pianetalimentare.it amministrazione@pianetalimentare.it\TV\
Dalle Nogare Prodotti Tipici\g. di, Via Giovanni Poli, 19, 36062 Fontanelle VI\https://www.formaggidallenogare.com/\0424 427154\\VI\
Macelleria Terre Venete Fontane di Cendron Aldo & Figlio\Via Fontane, 80, 31020 Lancenigo TV\\0422 184 7062\\TV\
El Casoin Di Tommasini Antonietta & C. S.a.s.\Via Roma, 384, 31043 Fontanelle TV\\0422 757587\\TV\
Salumeria Fontanella Di Fontanella Andrea\Via XXV Aprile, 3, 29010 Villanova sull'Arda PC\\0523 837331\\PC\
Br Del Gallo\Str. Quarta, 17, 43010 Fontanelle PR\http://bredelgallo.it/\0521 370044\\PR\
Centro Carni Brugnera Snc - macelleria salumeria bovina, suina, equina\Via Roma, 489, 31043 Lutrano TV\http://www.ccbrugnera.it/\0422 757321\\TV\
Fontanella Salumeria\84092 Bellizzi SA\\\\SA\
L' Angolo della frutta\Via Roma, 241, 31043 Fontanelle TV\https://www.angolodellafruttadama.it/\0422 809393\info@angolodellafruttadama.it da.ma.sas.dd@legalmail.it\TV\
Antica Bottega Delle Fontane\Piazza delle Fontane, 9, 83020 Taurano AV\\\\AV\
Salumificio Giovanni Fontana SRL\Via Schiavin, 9, 35042 Este PD\http://salumificiofontana.it/\0429 2164\\PD\
Attilio Fontana Prosciutti\Via Campana, 8, 35044 Montagnana PD\http://www.fontanaprosciutti.it/\0429 81010\info@fontanaprosciutti.it\PD\
Salumificio Pedrazzoli\Via S. Giovanni, 16/A, 46020 San Giovanni del Dosso MN\http://www.salumificiopedrazzoli.it/\0386 757332\\MN\
Salumificio I Malafronte\Via Enrico Mattei, 1/c, 44011 Consandolo FE\https://www.imalafronte.it/\0532 858307\commerciale@imalafronte.it\FE\
Macelleria Segabinazzi\Via Fontanelle, 5, 37020 Belluno Veronese VR\\045 723 0005\\VR\
Vendita generi alimentari\\\333 707 7439\\\
Fontana Ermes SpA\Via S. Vitale, 12, 43038 Sala Baganza PR\http://www.ermesfontana.it/\0521 335811\fontana@pec.ermesfontana.it info@ermesfontana.it\PR\
Da Fabri\Via Santuario, 118, 12012 Boves CN\\340 422 5876\\CN\
Soncini Gladis\Str. Padana, 26, 43010 Roccabianca PR\\0521 876230\\PR\
Fioramonti Gianluca\Via Mons. G. Gava, 4, 31043 Fontanelle TV\https://www.lartedelbuffet.it/contatti/\0422 749755\info@lartedelbuffet.it\TV\
Salvucci Carni Srl\Via della Fontanella, 1, 62012 Civitanova Marche MC\\0733 784170\\MC\
Fontanella\\https://www.gruppofontanellaspa.it/\081 506 0259\\\
Macelleria Salumeria Andrea e Monica - L'Angolo Del Pronto Cuocere\Viale Puglia, 34, 47838 Riccione RN\\0541 691356\\RN\
Fontanella Group S.R.L.\Via Arco Sant'Antonio, 10, 80014 Giugliano in Campania NA\https://www.old.gruppofontanellaspa.it/\081 330 0269\amministrazione@old.gruppofontanellaspa.it\NA\
Coop\Strada Regionale 429 di Val d'Elsa, 496, 50053 Sant'Andrea-fontanella FI\https://www.coop.it/scegli-il-tuo-negozio/negozi-e-promozioni/3162\0571 582018\\FI\
Salumificio Toscano Piacenti SpA\Via Fonte di Campaino, 16, 53037 Badia A Elmi SI\http://www.piacenti.com/\0577 944786\info@piacenti.com\SI\
Macelleria Salumi\44021 Codigoro FE\\\\FE\
Macelleria Lettieri Salumificio\SS166, 84069 Fonte SA\\\\SA\
Bresolin Mario - Alimentari CRAI tradizionale\Piazza S. Pietro, 4, 31010 Fonte Alto TV\http://www.crai-supermercati.it/ama/punti-vendita/pdv.php?id=744\0423 946009\\TV\
Az. Agricola De Panni Attilio\Via Signoria, 20, 31010 Fonte TV\\348 304 8310\\TV\
La Fonte Dei Salumi\Via Pompeo Magno, 27, 80125 Napoli NA\\\\NA\
Norcineria Ranieri Lavorazione Carni Suine\Via Nomentana, 532, 00013 Fonte Nuova RM\https://www.norcineriaranieri.it/\06 905 6243\\RM\
Spaccio Carni Tonin con Gastronomia\Via Roma, 2, 31010 Oné TV\\379 177 0263\\TV\
La Fonte Dei Formaggi Coletta Persico S.n.c.\Viale Cavalleggeri D'Aosta, 54, 80124 Napoli NA\\081 036 1994\\NA\
Alibrandi Lavorazioni Carni Srl\Via dei Platani, 9, 00013 Tor Lupara RM\https://alibrandicarni.it/\06 905 9022\\RM\
Salumi E Formaggi\17047 Vado Ligure SV\\\\SV\
Specialit di Parma\Via Fonte Buono, 116/118, 00142 Roma RM\https://specialitadiparma.com/\393 667 0667\info@specialitadiparma.com\RM\
La Fonte del Parmigiano\Via Colonne, 102, 80014 Giugliano in Campania NA\https://www.facebook.com/La-Fonte-Del-Parmigiano-Di-Padriciello-Aniello-105586064467873/\327 565 3794\\NA\
La Fonte Delle Carni Soc. Coop.\Via Pennina, 4, 02100 Rieti RI\\0746 203635\\RI\
Supermercato Mega On di Fonte\Via Asolana, 98, 31010 Oné TV\https://www.megaprezzibassi.it/stores/mega-one-di-fonte/\0423 948252\004306632001@W1181H1087.jpg 004306632001@W1181H1087-300x300.jpg 8005200106561@5-1-768x768.jpg 8001665011419@5-1-1536x1536.jpg 5449000164124@5-1-1536x1536.jpg 8004120904950@5-1.jpg 004303871001@W2600H1537-1498x1000.jpg 5449000046321@5-768x768.jpg 8015194522506@5-1-1000x1000.jpg 8076809517584@5-1-768x768.jpg 8015700162936@5-150x150.jpg 8001420001600@5-1-300x300.jpg 8005892349628@5.jpg 8003100895059@5-1-768x768.jpg 8076809517560@5-1-1000x1000.jpg 8720181404870@5-300x300.jpg 8015194522506@5-1-768x768.jpg 8004120904950@5-1-1536x1536.jpg 8001620018408@5-1-300x300.jpg 002207866001@W1045H512-1024x294.jpg 8002580257357@5-2-1024x1024.jpg 8003100883834@5-150x150.jpg 8720181404870@5-768x768.jpg 8019290480012@1-1-1000x1000.jpg 8002630102279@5-1-150x150.jpg 8003100913005@5.jpg 8003100895059@5-1-1000x1000.jpg 8002580257357@5-2.jpg 8005634100074@5-1-768x768.jpg 8003100966636@1-768x768.jpg 8003100913005@5-1000x1000.jpg 8717163747841@5.jpg 8057192000402@5-1-1536x1536.jpg 002207865001@W1045H512-1536x1536.jpg 8001665011419@5-1.jpg 8019290480012@1-1.jpg 8002580257357@5-2-300x300.jpg 8001210131029@1-1-1024x1024.jpg 8022813002998@1-1536x1536.jpg 8076809525244@5-768x768.jpg 004303872001@W2600H1537-1024x1024.jpg 5449000046321@5.jpg 8000590211154@5-1-1000x1000.jpg 5000112567892@5-1-1024x1024.jpg 8003000505102@5-1-768x768.jpg 8003100895059@5-1-1024x1024.jpg 8002580257357@5-2-150x150.jpg 8076809504720@5-1-1536x1536.jpg 8004120040948@5-300x300.jpg 002034058001@W695H1378-150x150.jpg 8029997100038@5-1-150x150.jpg 8001620015636@5.jpg 8003850211499@5-150x150.jpg 8717701011151@5-150x150.jpg 8001620015636@5-1536x1536.jpg 8003100883834@5-1000x1000.jpg 8003100883834@5-300x300.jpg 004306632001@W1181H1087-768x768.jpg 8006680040048@5-1.jpg 8076809517584@5-1-1000x1000.jpg 004299912001@W4032H3024-1536x1536.jpg 8003100828651@5-1-1024x1024.jpg 4066600611363@1-300x300.jpg 8076809525220@5-1024x1024.jpg 8720182307842@5-1000x1000.jpg 80025825@5-150x150.jpg 8002580018446@5-1000x1000.jpg 8015700162875@5-1-150x150.jpg 004299912001@W4032H3024-300x300.jpg 8003100895059@5-1-150x150.jpg 8001210131029@1-1-150x150.jpg 8003100828651@5-1.jpg 8720182716361@5-150x150.jpg 8001665700399@5-4.jpg 8002630102279@5-1-1000x1000.jpg 002209845001@W1012H964-1536x1536.jpg 8002630102293@5-1-1000x1000.jpg 8001665112864@5-1-1024x1024.jpg 002205259001@W1741H3611-768x768.jpg 004306632001@W1181H1087-1536x1536.jpg 8720182307835@5-768x768.jpg 8720182307835@5-300x300.jpg 8076809504720@5-1-1024x1024.jpg 8057192000419@5-1-768x768.jpg 8015700162851@5-1-1024x1024.jpg 8000155061903@5.jpg 8076809517560@5-1-768x768.jpg 002205259001@W1741H3611-150x150.jpg 4066600611363@1-1000x1000.jpg 8005634003214@5-1-768x768.jpg 8001620018408@5-1-1536x1536.jpg 002205259001@W1741H3611-1536x1536.jpg 8001620015629@5-1000x1000.jpg 8717701011151@5-1536x1536.jpg 8015194522513@5-1024x1024.jpg 8001620015612@5-1000x1000.jpg 8033609751020@5-300x300.jpg 8000155101906@5-1000x1000.jpg 8076809504720@5-1-768x768.jpg 002034058001@W695H1378-1000x1000.jpg 8001620018408@5-1-1024x1024.jpg 8057192000402@5-1-300x300.jpg 8001620015643@5-150x150.jpg 002205259001@W1741H3611.jpg 8001665112864@5-1-150x150.jpg 8015194522506@5-1-1536x1536.jpg 8002630102293@5-1-300x300.jpg 8720182303097@5-300x300.jpg 8033609751020@5-1000x1000.jpg 8015700162974@5-1-150x150.jpg 002034057001@W695H1378-1024x1024.jpg 8076809513418@5-1000x1000.jpg 8002580017111@5-1024x1024.jpg 4000856090831@1-1-768x768.jpg 8001620015612@5-150x150.jpg 8002622000392@5-150x150.jpg 8076809525220@5-768x768.jpg 8001620015612@5.jpg 8002626012506@5-1000x1000.jpg 8029997100038@5-1-1000x1000.jpg 004299912001@W4032H3024-1024x1024.jpg 8004395133208@5-1024x1024.jpg 5000112567892@5-1.jpg 8000155101906@5-1536x1536.jpg 8005634100074@5-1-150x150.jpg 8002622000392@5-768x768.jpg 8002626012506@5-768x768.jpg 5000112567632@5-1-1536x1536.jpg 8015700162875@5-1-300x300.jpg 5011321992764@5-1024x1024.jpg 8076809504720@5-1-150x150.jpg 8717701011151@5.jpg 8003100918413@5-1-1024x1024.jpg 8717701011151@5-1024x1024.jpg 7622210512055@5-2-1024x1024.jpg 8015194522513@5-1000x1000.jpg 8002580257357@5-2-1536x1536.jpg 8001665112864@5-1-1536x1536.jpg 8004120909498@5-1-1000x1000.jpg 7622210512055@5-2-1536x1536.jpg 8002626012506@5-1024x1024.jpg 8001620018385@5-1-1024x1024.jpg 4000856090831@1-1-150x150.jpg 8007660189009@1-150x150.jpg 004252958001@W1000H1000-1536x1536.jpg 8000155101906@5.jpg 004306632001@W1181H1087-1000x1000.jpg 80025825@5-1024x1024.jpg 8002795002032@5-1000x1000.jpg 8076809525220@5-150x150.jpg 8006680040215@5-2-1000x1000.jpg 8015700162851@5-1.jpg 8001620018408@5-1-150x150.jpg 8076809525244@5.jpg 002034057001@W695H1378-150x150.jpg 5000112567618@5-1-300x300.jpg 5011321992764@5-768x768.jpg 8006680040475@5-1.jpg 8007660189009@1-768x768.jpg 8003100828651@5-1-1536x1536.jpg 002205259001@W1741H3611-300x300.jpg 8720181404832@5-768x768.jpg 5000112567625@5-1-1024x1024.jpg 8720182716385@5-1000x1000.jpg 8720181404870@5-1024x1024.jpg 8001420001600@5-1-1536x1536.jpg 8015194522506@5-1-1024x1024.jpg 002209845001@W1012H964-1024x1024.jpg 004303874001@W2599H1536-768x538.jpg 5449000164124@5-1-1000x1000.jpg 004303872001@W2600H1537-300x300.jpg 5449000164124@5-1-1024x1024.jpg 8022813002998@1-768x768.jpg 8076809513418@5.jpg 8003100966636@1-1000x1000.jpg 8002630102231@5-1.jpg 8003100895059@5-1-300x300.jpg 4000856090831@1-1-300x300.jpg 8717163747841@5-150x150.jpg 5000112567892@5-1-150x150.jpg 8003100918413@5-1-150x150.jpg 002034057001@W695H1378-1536x1536.jpg 4066600611363@1-1024x1024.jpg 8004120040948@5.jpg 8015700162875@5-1-1536x1536.jpg 7702018474851@1-150x150.jpg 80025825@5-1000x1000.jpg 8004120904950@5-1-300x300.jpg 8005634003214@5-1-1000x1000.jpg 8000590211154@5-1-1536x1536.jpg 8022813002998@1.jpg 8003100939579@5-1000x1000.jpg 8001620015643@5-1536x1536.jpg 8001665708272@5-1-1024x1024.jpg 004252958001@W1000H1000-300x300.jpg 8019290480012@1-1-1536x1536.jpg 8001665708272@5-1-150x150.jpg 80025825@5-1536x1536.jpg 002034058001@W695H1378-1536x1536.jpg 8015700162974@5-1-1000x1000.jpg 8033609751020@5-150x150.jpg 004303871001@W2600H1537-1536x1025.jpg 8015700162974@5-1-1024x1024.jpg 8003100939579@5-768x768.jpg 8005892349628@5-150x150.jpg 8076809525022@5.jpg 8033609751020@5.jpg 8015700162974@5-1-300x300.jpg 5000112567618@5-1-150x150.jpg 8015700162936@5-1024x1024.jpg 8005200106561@5-1.jpg 004303874001@W2599H1536.jpg 8000590211154@5-1-1024x1024.jpg 8006680040475@5-1-300x300.jpg 004303871001@W2600H1537.jpg 002207865001@W1045H512-300x300.jpg 8720181404870@5-1000x1000.jpg 8000155061903@5-150x150.jpg 8005634100074@5-1-1000x1000.jpg 8015700162875@5-1-1024x1024.jpg 8003100828651@5-1-1000x1000.jpg 8007660189009@1-300x300.jpg 002205259001@W1741H3611-1000x1000.jpg 8001620015643@5-300x300.jpg 8002630102293@5-1-150x150.jpg 8001210131029@1-1.jpg 002207866001@W1045H512-1536x441.jpg 8001665112864@5-1-1000x1000.jpg 8002626012506@5.jpg 8001620015636@5-150x150.jpg 002209845001@W1012H964-150x150.jpg 8720182716385@5-300x300.jpg 5000112567892@5-1-1000x1000.jpg 8003100913005@5-1024x1024.jpg 8033609751020@5-1536x1536.jpg 8001620015629@5-150x150.jpg 8001990039096@5.jpg 8002580017111@5-300x300.jpg 8003000505102@5-1-300x300.jpg 8033609751020@5-768x768.jpg 8006680040215@5-2.jpg 8001620015612@5-1024x1024.jpg 8006680040048@5-1-768x768.jpg 8720181404832@5-300x300.jpg 8720182716361@5-1000x1000.jpg 8006680040475@5-1-150x150.jpg 8002630102279@5-1-1536x1536.jpg 8720182307835@5-1000x1000.jpg 8015700162837@5-1.jpg 8076809504720@5-1-300x300.jpg 8022813002998@1-1024x1024.jpg 5000112567632@5-1-1000x1000.jpg 8720181404832@5-1024x1024.jpg 8005634100074@5-1-300x300.jpg 8019290480012@1-1-1024x1024.jpg 8015700162936@5-1536x1536.jpg 8004120909498@5-1-1024x1024.jpg 002034057001@W695H1378-1000x1000.jpg 8002580017111@5-1536x1536.jpg 8003100895059@5-1-1536x1536.jpg 8001665112888@5-1-768x768.jpg 8003850211512@5-1-1536x1536.jpg 8005200106561@5-1-1000x1000.jpg 8033609751020@5-1024x1024.jpg 5000112567625@5-1-300x300.jpg 8002630102231@5-1-150x150.jpg 8001665112888@5-1-300x300.jpg 8002580018446@5-1024x1024.jpg 8003850211499@5-1024x1024.jpg 8006680042226@5-768x768.jpg 8001620015636@5-300x300.jpg 8001620018385@5-1-1536x1536.jpg 8720181404870@5-150x150.jpg 8033576190716@5-1536x1536.jpg 7622210512055@5-2-768x768.jpg 8006680040215@5-2-768x768.jpg 8001665112888@5-1-1024x1024.jpg 4066600611363@1-150x150.jpg 8015700162837@5-1-768x768.jpg 8001665112888@5-1.jpg 004306632001@W1181H1087-150x150.jpg 8002580018446@5-768x768.jpg 004299912001@W4032H3024-768x768.jpg 7622210512055@5-2.jpg 8006680040215@5-2-150x150.jpg 8000155101906@5-1024x1024.jpg 8001665708272@5-1-768x768.jpg 8001620015629@5-1024x1024.jpg 8003850211512@5-1-1000x1000.jpg 8076809517584@5-1-150x150.jpg 8003000505102@5-1-1024x1024.jpg 5011321992764@5-1000x1000.jpg 8076809525022@5-1536x1536.jpg 8001665708272@5-1-300x300.jpg 8004395133208@5-150x150.jpg 8003100939579@5.jpg 8015194522513@5-150x150.jpg 8006680042226@5-1024x1024.jpg 8003000505102@5-1.jpg 8002795002032@5.jpg 8029997100038@5-1-300x300.jpg 8015700162936@5-300x300.jpg 8057192000419@5-1-300x300.jpg 5449000164124@5-1-150x150.jpg 002034058001@W695H1378-300x300.jpg 8004120040948@5-1024x1024.jpg 8002580017111@5-150x150.jpg 004299912001@W4032H3024.jpg 8003100828651@5-1-768x768.jpg 8001620018408@5-1-1000x1000.jpg 004303874001@W2599H1536-1536x1075.jpg 8000590211154@5-1-150x150.jpg 8720182716385@5.jpg 8001665112888@5-1-1000x1000.jpg 8001420001600@5-1-1024x1024.jpg 8019290480012@1-1-768x768.jpg 8076809517584@5-1-1536x1536.jpg 7622210512055@5-2-1000x1000.jpg 8076809513418@5-1536x1536.jpg 8006680040475@5-1-1536x1536.jpg 8076809517584@5-1-1024x1024.jpg 8015700162974@5-1.jpg 8006680040475@5-1-1024x1024.jpg 8004120040948@5-1000x1000.jpg 8006680042226@5-150x150.jpg 8005892349628@5-768x768.jpg 8000155061903@5-1024x1024.jpg 8006680042226@5-1000x1000.jpg 8033576190716@5-1000x1000.jpg 002207866001@W1045H512.jpg 8003100883834@5-1536x1536.jpg 004252958001@W1000H1000.jpg 004303871001@W2600H1537-768x513.jpg 8004120040948@5-150x150.jpg 8001665114684@5-1-768x768.jpg 8004120904950@5-1-768x768.jpg 5000112567892@5-1-768x768.jpg 8000155141902@5.jpg 8720182303097@5-1000x1000.jpg 004252958001@W1000H1000-1024x1024.jpg 8006680042226@5.jpg 004303872001@W2600H1537-768x768.jpg 002205259001@W1741H3611-1024x1024.jpg 8001620015636@5-1024x1024.jpg 8001620015643@5-1024x1024.jpg 8022813002998@1-150x150.jpg 8015194522506@5-1-300x300.jpg 8015700162974@5-1-768x768.jpg 8004395133208@5-768x768.jpg 8006680040048@5-1-1000x1000.jpg 8000155141902@5-768x768.jpg 8003100966636@1.jpg 8076809525220@5-300x300.jpg 8003850211512@5-1-768x768.jpg 8720182307842@5-1024x1024.jpg 004299912001@W4032H3024-1000x1000.jpg 002209845001@W1012H964-300x300.jpg 8720181404832@5-1536x1536.jpg 002034057001@W695H1378.jpg 7622210512055@5-2-150x150.jpg 8001620018385@5-1.jpg 8007660189009@1-1000x1000.jpg 8001665700399@5-4-1024x1024.jpg 8720182716385@5-150x150.jpg 8002630102279@5-1-1024x1024.jpg 5000112567618@5-1-1000x1000.jpg 7702018474851@1-1024x1024.jpg 8076809525022@5-768x768.jpg 5000112567632@5-1-150x150.jpg 8001420001600@5-1-768x768.jpg 8003100966636@1-1024x1024.jpg 8015700162936@5-1000x1000.jpg 8720182716361@5.jpg 8000155101906@5-300x300.jpg 004252958001@W1000H1000-768x768.jpg 8076809513418@5-1024x1024.jpg 8000155061903@5-300x300.jpg 8076809517560@5-1.jpg 8006680040048@5-1-1024x1024.jpg 8001620015636@5-1000x1000.jpg 8720182303097@5-1536x1536.jpg 8001620015643@5-768x768.jpg 002207865001@W1045H512-1000x1000.jpg 8717163747841@5-1536x1536.jpg 002034057001@W695H1378-768x768.jpg 8003100828651@5-1-150x150.jpg 8001990039096@5-1536x1536.jpg 8720182716361@5-1536x1536.jpg 8003850211512@5-1.jpg 5011321992764@5-150x150.jpg 8015700162875@5-1-768x768.jpg 8720182716385@5-768x768.jpg 8001665700399@5-4-300x300.jpg 5449000046321@5-150x150.jpg 8001665112864@5-1.jpg 8717701011151@5-1000x1000.jpg 4000856090831@1-1-1000x1000.jpg 8003100918413@5-1-768x768.jpg 8001620018408@5-1-768x768.jpg 8015700162851@5-1-1000x1000.jpg 8005200106561@5-1-1536x1536.jpg 4066600611363@1-1536x1536.jpg 8057192000402@5-1.jpg 8001620015629@5.jpg 8022813002998@1-1000x1000.jpg 8003100895059@5-1.jpg 8720182716385@5-1024x1024.jpg 8002630102231@5-1-768x768.jpg 004303872001@W2600H1537-1536x1536.jpg 8720182307842@5-1536x1536.jpg 8720182716361@5-768x768.jpg 8057192000419@5-1-1536x1536.jpg 8003100913005@5-150x150.jpg 8717163747841@5-1000x1000.jpg 8001420001600@5-1-1000x1000.jpg 8720182307842@5.jpg 8720182303097@5-768x768.jpg 8003100918413@5-1.jpg 8003000505102@5-1-1536x1536.jpg 002209845001@W1012H964.jpg 8001620015612@5-1536x1536.jpg 8015700162936@5.jpg 004303872001@W2600H1537.jpg 8717163747841@5-300x300.jpg 8003850211499@5.jpg 8001665011419@5-1-768x768.jpg 7702018474851@1-768x768.jpg 8001665114684@5-1-1000x1000.jpg 8001210131029@1-1-300x300.jpg 8003100913005@5-1536x1536.jpg 4066600611363@1.jpg 8002630102293@5-1.jpg 8057192000419@5-1-1000x1000.jpg 5449000046321@5-300x300.jpg 8015194522506@5-1.jpg 002034058001@W695H1378.jpg 8001620015629@5-1536x1536.jpg 8720182303097@5-1024x1024.jpg 8006680040215@5-2-300x300.jpg 8015700162837@5-1-300x300.jpg 8002580017111@5-768x768.jpg 8720181404870@5.jpg 8019290480012@1-1-150x150.jpg 8002630102279@5-1-768x768.jpg 8003100918413@5-1-1000x1000.jpg 8003850211499@5-1000x1000.jpg 8076809513418@5-150x150.jpg 8000155141902@5-1024x1024.jpg 5000112567632@5-1-768x768.jpg 8003100883834@5.jpg 8005892349628@5-1536x1536.jpg 5000112567632@5-1.jpg 8004120040948@5-768x768.jpg 8001665114684@5-1-1024x1024.jpg 8057192000419@5-1-150x150.jpg 8003100913005@5-768x768.jpg 8002622000392@5-1000x1000.jpg 8003100883834@5-1024x1024.jpg 7622210512055@5-2-300x300.jpg 8033576190716@5.jpg 8002580018446@5-300x300.jpg 8003100913005@5-300x300.jpg 8005634003214@5-1-1024x1024.jpg 002207865001@W1045H512-1024x1024.jpg 8004395133208@5-1000x1000.jpg 8004120040948@5-1536x1536.jpg 002034057001@W695H1378-300x300.jpg 8005200106561@5-1-1024x1024.jpg 8076809525244@5-150x150.jpg 8005634003214@5-1-300x300.jpg 5000112567625@5-1-1536x1536.jpg 8005634003214@5-1-1536x1536.jpg 8003850211512@5-1-150x150.jpg 8076809504720@5-1.jpg 8004120904950@5-1-1000x1000.jpg 8006680042226@5-300x300.jpg 8002795002032@5-1024x1024.jpg 8006680040048@5-1-300x300.jpg 5449000164124@5-1-300x300.jpg 8076809517560@5-1-150x150.jpg 004303874001@W2599H1536-1429x1000.jpg 8001620018385@5-1-1000x1000.jpg 8003850211499@5-300x300.jpg 5000112567892@5-1-300x300.jpg 8076809513418@5-768x768.jpg 8002622000392@5-1024x1024.jpg 8003100828651@5-1-300x300.jpg 5449000046321@5-1536x1536.jpg 8001990039096@5-300x300.jpg 8004120904950@5-1-1024x1024.jpg 8033576190716@5-300x300.jpg 8076809525022@5-1000x1000.jpg 8001665700399@5-4-1536x1536.jpg 8005634100074@5-1-1536x1536.jpg 8076809525220@5-1000x1000.jpg 8003850211499@5-1536x1536.jpg 8076809525244@5-1024x1024.jpg 8004120909498@5-1-300x300.jpg 8003100883834@5-768x768.jpg 8000155061903@5-1000x1000.jpg 8002630102231@5-1-1000x1000.jpg 8002630102293@5-1-1536x1536.jpg 8001620015636@5-768x768.jpg 8720182307835@5-1536x1536.jpg 8001620015629@5-768x768.jpg 8015194522513@5-1536x1536.jpg 8076809525022@5-300x300.jpg 8720182303097@5-150x150.jpg 8004395133208@5-300x300.jpg 8720181404832@5-1000x1000.jpg 8076809517584@5-1.jpg 8076809525244@5-1000x1000.jpg 004252958001@W1000H1000-150x150.jpg 8033576190716@5-150x150.jpg 8002630102279@5-1.jpg 8002622000392@5.jpg 8007660189009@1-1024x1024.jpg 8006680042226@5-1536x1536.jpg 5000112567632@5-1-300x300.jpg 8001420001600@5-1.jpg 8057192000402@5-1-1000x1000.jpg 004303872001@W2600H1537-150x150.jpg 8000590211154@5-1.jpg 8057192000419@5-1-1024x1024.jpg 8001420001600@5-1-150x150.jpg 7702018474851@1-1000x1000.jpg 8029997100038@5-1-1024x1024.jpg 8076809517560@5-1-1024x1024.jpg 8001620018385@5-1-150x150.jpg 8001620015612@5-768x768.jpg 8005200106561@5-1-150x150.jpg 8006680040048@5-1-150x150.jpg 8001620018385@5-1-768x768.jpg 8002630102231@5-1-1024x1024.jpg 8003100918413@5-1-1536x1536.jpg 8002622000392@5-300x300.jpg 8006680040475@5-1-1000x1000.jpg 8015700162851@5-1-300x300.jpg 8001665114684@5-1-300x300.jpg 8003100939579@5-1024x1024.jpg 8003100966636@1-150x150.jpg 004299912001@W4032H3024-150x150.jpg 004252958001@W1000H1000-1000x1000.jpg 8015700162837@5-1-150x150.jpg 8003000505102@5-1-1000x1000.jpg 8720182307842@5-150x150.jpg 8004120904950@5-1-150x150.jpg 002207865001@W1045H512.jpg 8720181404832@5-150x150.jpg 8015700162851@5-1-150x150.jpg 8015700162837@5-1-1536x1536.jpg 5000112567625@5-1-768x768.jpg 5000112567618@5-1-768x768.jpg 8005892349628@5-1024x1024.jpg 8000590211154@5-1-768x768.jpg 8015194522506@5-1-150x150.jpg 8005892349628@5-1000x1000.jpg 7702018474851@1.jpg 8004395133208@5-1536x1536.jpg 8015194522513@5-300x300.jpg 8001210131029@1-1-1536x1536.jpg 8001620015629@5-300x300.jpg 8003100939579@5-300x300.jpg 8001990039096@5-150x150.jpg 5000112567618@5-1-1024x1024.jpg 5000112567625@5-1-1000x1000.jpg 4000856090831@1-1-1536x1536.jpg 4000856090831@1-1.jpg 5449000164124@5-1-768x768.jpg 8015700162875@5-1.jpg 8006680040215@5-2-1536x1536.jpg 8000155141902@5-1536x1536.jpg 004303871001@W2600H1537-300x200.jpg 8000155141902@5-1000x1000.jpg 8002622000392@5-1536x1536.jpg 8000155061903@5-1536x1536.jpg 004306632001@W1181H1087-1024x1024.jpg 8001665114684@5-1-1536x1536.jpg 004303871001@W2600H1537-1024x684.jpg 8720181404870@5-1536x1536.jpg 8007660189009@1-1536x1536.jpg 8076809517560@5-1-1536x1536.jpg 8002630102231@5-1-1536x1536.jpg 7702018474851@1-300x300.jpg 004303874001@W2599H1536-300x210.jpg 8002580018446@5-1536x1536.jpg 8001620015612@5-300x300.jpg 8004120909498@5-1-150x150.jpg 8057192000402@5-1-1024x1024.jpg 4000856090831@1-1-1024x1024.jpg 8001665112864@5-1-300x300.jpg 8001665112864@5-1-768x768.jpg 8005634003214@5-1-150x150.jpg 4066600611363@1-768x768.jpg 8015700162837@5-1-1024x1024.jpg 8076809525220@5-1536x1536.jpg 002207866001@W1045H512-1500x430.jpg 8057192000402@5-1-768x768.jpg 5000112567618@5-1-1536x1536.jpg 8717701011151@5-300x300.jpg 8001990039096@5-1000x1000.jpg 5000112567625@5-1-150x150.jpg 8002795002032@5-300x300.jpg 8006680040048@5-1-1536x1536.jpg 8006680040475@5-1-768x768.jpg 8002580257357@5-2-1000x1000.jpg 8057192000419@5-1.jpg 5449000164124@5-1.jpg 8001665112888@5-1-150x150.jpg 8001665114684@5-1.jpg 8720182307842@5-768x768.jpg 8033576190716@5-1024x1024.jpg 8015194522513@5.jpg 8005200106561@5-1-300x300.jpg 8720182307835@5-1024x1024.jpg 8002580257357@5-2-768x768.jpg 8001665112888@5-1-1536x1536.jpg 8720182716361@5-300x300.jpg 8002580017111@5-1000x1000.jpg 8076809525220@5.jpg 8001620015643@5-1000x1000.jpg 004303874001@W2599H1536-1024x717.jpg 8004395133208@5.jpg 8002580017111@5.jpg 8720182303097@5.jpg 8003100966636@1-1536x1536.jpg 8002626012506@5-1536x1536.jpg 8019290480012@1-1-300x300.jpg 004303872001@W2600H1537-1000x1000.jpg 7702018474851@1-1536x1536.jpg 002207866001@W1045H512-768x220.jpg 8002795002032@5-768x768.jpg 8015700162875@5-1-1000x1000.jpg 8007660189009@1.jpg 8720182307842@5-300x300.jpg 8000155101906@5-150x150.jpg 002209845001@W1012H964-1000x1000.jpg 80025825@5-768x768.jpg 8002630102279@5-1-300x300.jpg 8006680040215@5-2-1024x1024.jpg 8002630102231@5-1-300x300.jpg 8002626012506@5-300x300.jpg 8005634003214@5-1.jpg 80025825@5-300x300.jpg 8076809504720@5-1-1000x1000.jpg 8076809525022@5-150x150.jpg 8001665011419@5-1-1000x1000.jpg 8003100966636@1-300x300.jpg 8003850211499@5-768x768.jpg 8076809517560@5-1-300x300.jpg 8000155141902@5-300x300.jpg 002207866001@W1045H512-300x86.jpg 5449000046321@5-1024x1024.jpg 5000112567618@5-1.jpg 5011321992764@5-1536x1536.jpg 8000155061903@5-768x768.jpg 8001665700399@5-4-150x150.jpg 8000155141902@5-150x150.jpg 8003100918413@5-1-300x300.jpg 8001620015643@5.jpg 8057192000402@5-1-150x150.jpg 8000590211154@5-1-300x300.jpg 002207865001@W1045H512-768x768.jpg 8002795002032@5-150x150.jpg 8720182307835@5-150x150.jpg 8000155101906@5-768x768.jpg 002034058001@W695H1378-768x768.jpg 8717701011151@5-768x768.jpg 5011321992764@5.jpg 8001665708272@5-1-1000x1000.jpg 8002626012506@5-150x150.jpg 8001665011419@5-1-150x150.jpg 8003100939579@5-150x150.jpg 8076809525244@5-300x300.jpg 8002795002032@5-1536x1536.jpg 8002580018446@5.jpg 8002580018446@5-150x150.jpg 8022813002998@1-300x300.jpg 8001665011419@5-1-300x300.jpg 002034058001@W695H1378-1024x1024.jpg 5449000046321@5-1000x1000.jpg 5000112567892@5-1-1536x1536.jpg 8001665114684@5-1-150x150.jpg 8005892349628@5-300x300.jpg 8717163747841@5-1024x1024.jpg 8015700162936@5-768x768.jpg 8720182307835@5.jpg 5000112567632@5-1-1024x1024.jpg 8001210131029@1-1-1000x1000.jpg 8720182716361@5-1024x1024.jpg 8076809513418@5-300x300.jpg 8076809517584@5-1-300x300.jpg 8004120909498@5-1-768x768.jpg 8076809525244@5-1536x1536.jpg 8015700162851@5-1-768x768.jpg 8001620018408@5-1.jpg 8076809525022@5-1024x1024.jpg 8003850211512@5-1-1024x1024.jpg 8029997100038@5-1-1536x1536.jpg 8015700162851@5-1-1536x1536.jpg 5011321992764@5-300x300.jpg 8001665708272@5-1.jpg 8002630102293@5-1-1024x1024.jpg 8720181404832@5.jpg 8015700162974@5-1-1536x1536.jpg 8002630102293@5-1-768x768.jpg 8005634100074@5-1.jpg 8717163747841@5-768x768.jpg 8004120909498@5-1.jpg 8029997100038@5-1.jpg 5000112567625@5-1.jpg 80025825@5.jpg 8001620018385@5-1-300x300.jpg 8003000505102@5-1-150x150.jpg 8001210131029@1-1-768x768.jpg 8033576190716@5-768x768.jpg 8015700162837@5-1-1000x1000.jpg 8001665700399@5-4-1000x1000.jpg 8015194522513@5-768x768.jpg 8001665700399@5-4-768x768.jpg 002207865001@W1045H512-150x150.jpg 8001990039096@5-768x768.jpg 8720182716385@5-1536x1536.jpg 8004120909498@5-1-1536x1536.jpg 8001665011419@5-1-1024x1024.jpg 8003100939579@5-1536x1536.jpg 8005634100074@5-1-1024x1024.jpg 8001665708272@5-1-1536x1536.jpg 002209845001@W1012H964-768x768.jpg 8003850211512@5-1-300x300.jpg 8001990039096@5-1024x1024.jpg 8029997100038@5-1-768x768.jpg\TV\
La Fonte Del Freddo S.r.l.\Viale Hanoi, 18/B, 50065 Pontassieve FI\\335 546 1693\\FI\
La Fonte delle Carni\Via Cervinia, 168, 84012 Angri SA\\\\SA\
Macelleria La Fonte Della Carne\Via de Rogatis, 12, 83043 Bagnoli Irpino AV\\\\AV\
LA FONTE DEL RISPARMIO SAS\Via Armando Diaz, 5, 80025 Casandrino NA\\081 833 1624\\NA\
La Fonte delle Carni Scelte\Via del Maglio, 9 Via montefiorino, 12, Via del Rivo, 282, 05100 Terni TR\http://www.pianetacarni.it/\0744 283946\info@pianetacarni.it legalmail@pianetacarni.it\TR\
Salumificio La Scaletta\Ponte dei Sospiri, 27057 Varzi PV\http://www.lascalettasalamedivarzi.it/\0383 545691\la_scaletta@libero.it\PV\
Salumificio Artigiano Valnerina Di Rosatini Rosa\Frazione Chiusita, 1, 62039 Visso MC\\0737 969120\\MC\
Gaggi Luigi\Via Tommaso Arcidiacono, 121, 00143 Roma RM\\06 503 3115\\RM\
Azienda Agricola Fonte Dei Sapori\Via Fonte Antoni, 7, 66022 Fonteantoni CH\https://www.loveitaly.net/9__az-agr-fonte-dei-sapori\0872 608083\paolucci.davide@gmail.com\CH\
Salumificio Vecchio Varzi\Via Castelletto, 11, 27057 Varzi PV\http://www.vecchiovarzi.it/\0383 52340\chiedilo@vecchiovarzi.it legalmail@vecchiovarzi.it\PV\
Azzalini Mauro\Via Roma, 4, 31010 Fregona TV\\\\TV\
Cantina Produttori Fregona s.c.a.\Via Castagnola, 50, 31010 Fregona TV\http://www.torchiato.com/\335 725 8133\info@torchiato.com\TV\
Agricansiglio Societa' Agricola\Via Roma, 80, 31010 Fregona TV\https://www.agricansiglio.it/\0438 581837\direzione@agricansiglio.it info@latteriasoligo.it\TV\
Macelleria Pizzol Livio Di Pizzol Gastone\Borgo Gava, 27, 31026 Sarmede TV\\0438 582156\\TV\
Salumificio Brianza S.R.L.\Via Luppia S. Zeno, 35, 35044 Montagnana PD\https://www.salumificiobrianza.it/\0429 82155\u00a0info@salumificiobrianza.it info@salumificiobrianza.it\PD\
Superstore Coop\via De Nadai, 35, 31029 Vittorio Veneto TV\https://www.coopalleanza3-0.it/volantino-digitale/vittorio-veneto/promozioni/vetrina.html?utm_campaign=offerte-volantino&utm_content=89&utm_medium=gmb&utm_source=google\0438 553714\filo.diretto@alleanza3-0.coop.it\TV\
Fregona\\\\\\
ALDI Vittorio Veneto\Via della Str. Alta, 2C, 31029 Vittorio Veneto TV\https://www.aldi.it/it/trova-il-punto-vendita/aldi-treviso/aldi-vittorio-veneto.html?pk_campaign=GMB&pk_source=google\800 370 370\\TV\
In's\Via Vizza, 3a, 31018 Gaiarine TV\\\\TV\
Macelleria Tradizione Nostrana di Franco Ganeo\Piazza Gabriele Martini, 19, 31040 Giavera del Montello TV\https://www.facebook.com/macelleriatradizionenostrana/\348 065 7898\\TV\
Nobili Terre Italiane\Via Schiavonesca, 234, 31040 Giavera del Montello TV\http://www.nobiliterreitaliane.it/\0422 149 8004\\TV\
IPERSPAK di Giavera del Montello\Vicolo Don Gianni Scroccaro, 1, 31040 Giavera del Montello TV\http://www.spaksupermercati.it/\0422 775418\info@spaksupermercati.it\TV\
Fattoria Moma\Via Bolè, 65, 31040 Giavera del Montello TV\\0422 775306\\TV\
La Formaggeria da Carla\Via Nazionale, 4, 31010 Godega di Sant'Urbano TV\http://facebook.com/LaFormaggeriaDaCarla\347 452 6778\\TV\
Valsana Srl\Via degli Olmi, 16, 31012 Godega di Sant'Urbano TV\http://www.valsana.it/\0438 188 3125\\TV\
Azienda Agricola Gava\Via Bosco, 38, 31010 Godega di Sant'Urbano TV\https://azienda-agricola-gava-di-gava-tiziano.business.site/\348 731 3444\\TV\
Macelleria Bazar Daraa\Via San Urbano, 49, 31010 Pianzano TV\\\\TV\
CIBERIE SRL\Via Leonardo da Vinci, 13, 31010 Godega di Sant'Urbano TV\\0438 181 0753\\TV\
Panificio Pasticceria Da Mauro\Via Roma, 26, 31040 Gorgo al Monticano TV\\0422 740503\\TV\
Pastificio La Pintadera\Via Postumia Centro, 66, 31040 Gorgo al Monticano TV\http://www.pastificiolapintadera.it/\366 430 3034\swiper@6.7.0 info@pastificiolapintadera.it\TV\
Azienda Agricola Trentina di Cella Daniele\Via Guia, 43, 31040 Gorgo al Monticano TV\\351 900 6672\\TV\
Gorgo al Monticano\\\\\\
Gorgo Al Monticano\31040 Gorgo al Monticano TV\\\\TV\
Negozio Rumeno - Magazinul Romanesc Eli.S.Ro\Via Girardini e Tonello, 9, 31046 Oderzo TV\\328 081 7864\\TV\
Al Vecchio Mulino - Gastronomia\Via Spinè, 44/D, 31046 Oderzo TV\http://www.alvecchiomulino.com/\0422 712728\info@alvecchiomulino.com\TV\
La lucanica da santi\Via G. Arnone, 13, 75010 Gorgoglione MT\https://it-it.facebook.com/LaLucanicaDeSanti/\\\MT\
Postin Food\Via S. Pio X, 32, 31036 Istrana TV\http://www.postinfood.it/\329 769 0905\\TV\
Macelleria Cavallin di Cavallin Stefano\Piazzale Roma, 63, 31036 Istrana TV\https://www.lamacelleriadastefano.it/\0422 832348\lamac.dastefano@gmail.com lamaca.dastefano@gmail.com\TV\
Cinque Stelle Srl - Carni E Salumi\Via F. Filzi, 56, 31036 Istrana TV\\0422 832635\\TV\
Al supermercati - Istrana\Via Castellana, 50, 31036 Istrana TV\https://www.alisupermercati.it/negozi-e-volantini/negozi/istrana\0422 738005\\TV\
Prix\Via C. Battisti, 78, 31036 Istrana TV\\\\TV\
Condotta Fratelli Azienda Agricola\Via C. Battisti, 13, 31036 Istrana TV\https://instagram.com/condotta.fratelli_az.agricola?igshid=MzRlODBiNWFlZA==\389 664 4323\\TV\
Azienda agricola Dall'Armellina Cinzia\Via Francesco Baracca, 86, 31036 Istrana TV\https://aziendadallarmellina.com/shop/\351 531 1918\\TV\
Vaka Mora\Via Postumia Romana Ovest, 47A, 31036 Sala di Istrana TV\http://www.vakamora.it/\0422 731090\fighera.dairy@yahoo.it\TV\
Bacchion Cornelia\Via C. Battisti, 25, 31036 Istrana TV\\0422 731166\\TV\
Macelleria Pellizzari Carni dei Fratelli Pellizzari Snc\Via 1ᵒ Maggio, 32 Via 1°, Via 1º Maggio, 40/A, 31037 Loria TV\http://www.pellizzaricarni.com/\0423 198 1109\\TV\
Azove Carni Loria\Via I Maggio, 40, 31037 Loria TV\\0423 755445\\TV\
Macelleria soc.agr.Pellizzari di Pellizzari Alessandro\Via Cantoni di Sopra, 24/a, 31037 Loria TV\\392 287 1024\\TV\
Migali Srl - Ingrosso e Commercializzazione di Formaggi, Salumi e Latticini\Via Callalta, 9, 31037 Loria TV\http://www.migali.it/\0423 760188\\TV\
La Bottega Simply - Brotto Alimentari\Via Bertina, 9, 31037 Loria TV\\0423 755609\\TV\
Loria\Via Villette, 32, 31040 Trevignano TV\\\\TV\
Superloria Supermercati Crai\Via S. Pio X, 25, 31037 Loria TV\https://www.crai-supermercati.it/negozi-e-volantini/\0423 755164\\TV\
CRAI Bessica di Loria\Via Cantoni di Sopra, 20, 31037 Bessica di Loria TV\http://www.crai-supermercati.it/punti-vendita/pdv.php?id=137\0423 470063\\TV\
Macelleria Salumeria di Luigi Di Loria\Via Piano della Fiera, 10, 87010 San Sosti CS\https://www.facebook.com/macelleriadiloria\327 258 1459\\CS\
Societa' Agricola Zanchetta F.lli\Via D. Alighieri, 78, 31037 Loria TV\http://www.agricolazanchetta.it/\0423 470351\info@agricolazanchetta.it\TV\
Sfizio Di Carne S.N.C. Di Poletto Marino E Del Fabro Micaela\Piazza San Tiziano, 12, 31040 Mansuè TV\https://m.facebook.com/Sfizio-DI-CARNE-842689452494694/\0422 188 3704\\TV\
Autofficina Pollesel snc\Via Pordenone, 34, 31040 Mansuè TV\http://www.pollesel.it/\0422 741116\info@pollesel.it\TV\
Latteria Di Soligo Spaccio Mareno\Via Conti Agosti, 72, 31010 Mareno di Piave TV\\\\TV\
Mio Market - Supermercato Crai\Via Verri, 26, 31010 Mareno di Piave TV\https://www.crai-supermercati.it/punto-vendita/267-mio-market-mareno/\0438 492409\\TV\
Azienda Agricola Le Piovesane\Via Vazzoletta, 4, 31010 Mareno di Piave TV\https://www.facebook.com/search/top?q=azienda%20agricola%20le%20piovesane\340 289 2677\\TV\
Nadal Diego\Via Ungheresca Sud, 101, 31010 Mareno di Piave TV\\0438 28366\\TV\
Marcon sas\Via Ungheresca Sud, 59, 31010 Mareno di Piave TV\\\\TV\
Cantina Mareno Societ Cooperativa Agricola\SP45, 53, 31010 Mareno di Piave TV\http://www.cantinamareno.it/\0438 492321\\TV\
Eurofrutta Mareno\Via Conti Agosti, 188, 31010 Mareno di Piave TV\http://www.eurofruttaselfservice.it/\393 975 6152\\TV\
La Becaria di Granzotto Mirco\Piazza Vittorio Emanuele, 115, 31028 Vazzola TV\\340 291 9767\\TV\
Alimentari Salumi\Via Giuseppe Verdi, 37, 31027 Spresiano TV\\\\TV\
Dal Biavarol Salumi E Formaggi\SP132, 31020 Lancenigo TV\\366 262 8281\\TV\
Salumificio Grandin di Grandin Aldo & C.snc\Via Antiche Mura, 41, 30016 Jesolo VE\https://www.salumificiograndin.it/\0421 350922\info@salumificiograndin.it\VE\
Mareno\Via Traversa, 5, 31010 Mareno di Piave TV\\0438 189 2125\\TV\
Mareno di piave\Via Antonio Canova, 31010 Mareno di Piave TV\\\\TV\
NOTE DI GUSTO Formaggi & Salumi di Qualit\Via XIII Martiri, 123, 30027 San Donà di Piave VE\\338 869 1704\\VE\
'Salumificio Provesanese S.R.L.'\Via Giuseppe Mazzini, 13, 33095 Provesano PN\https://www.gruppodoro.com/\0427 96279\gruppodoro@gmail.com\PN\
Macelleria Salumeria Segat Castion\Via Del Favero, 63, 32100 Belluno BL\\\\BL\
Serenissima Salumi Azienda Agrituristica Di Semenzato Stefano\Via dei Cacciatori, 15, 30034 Dogaletto VE\\041 477107\\VE\
Salumificio F.lli Celin Srl\Via Barbariga, 118, 30032 Fiesso VE\http://www.salumificiocelin.com/\049 982 9346\commerciale@salumificiocelin.it\VE\
Azienda Agricola Croce d'Oro\Piazza Roma, 17, 31010 Maser TV\https://www.instagram.com/azienda_agricola_crocedoro/\375 595 2484\\TV\
Azienda Agricola Costa del Sol\Via Costa del Sol, 7, 31010 Muliparte TV\https://www.passeggiatetreviso.it/azienda-agricola-cosa-del-sol-maser\348 544 1212\\TV\
CRAI Superloria Maser\Via Cornuda, 19, 31010 Maser TV\http://www.crai-supermercati.it/punti-vendita/pdv.php?id=135\0423 565250\\TV\
Maser Formaggi Basso Sebastiano Srl\Via Vittime del Vajont, 21, 31031 Caerano di San Marco TV\http://www.maserformaggi.com/\0423 923075\\TV\
Cantina Martignago - Vignaioli vendita diretta, visite e degustazioni Asolo Prosecco Superiore DOCG.\Via Cornuda, 72, 31010 Maser TV\https://www.martignago.wine/\388 695 0328\simone@martignago.wine\TV\
Az. agricola Dai Rossi\Via Gabriele D'Annunzio, 11, 31040 Maser TV\\347 246 1214\\TV\
CRAI - Ferraro\Via Montello, 2, 31010 Maser TV\https://www.crai-supermercati.it/punto-vendita/202-crai-fratelli-ferraro/\0423 565092\\TV\
Ep Service Oil E Ferramenta Di Polloni Emanuele\Via Bassanese, 13, 31010 Maser TV\\0423 565313\\TV\
Bar da Marotta\Piazza della Pieve, 12, 31010 Maser TV\\0423 565897\\TV\
SUPER CRAI CRESPIGNAGA (MASER - TV)\Via Bassanese, 363, 31010 Crespignaga TV\http://www.crai-supermercati.it/ama/punti-vendita/pdv.php?id=139\0423 55904\\TV\
I Salumi Del Divin\Via Menogno, 4, 28855 Masera VB\https://divinporcello.it/\335 789 7734\enotecadeldivinporcello@outlook.it info@divinporcello.it salumi@divinporcello.it\VB\
Azienda agricola dai Tober\Via Garibaldi Giuseppe, 11, 31010 Maser TV\\\\TV\
Forno d'Elena\Via Mulino, 7, 31010 Madonna della Salute TV\http://www.fornodelena.it/\340 558 0680\fornodelena@gmail.com\TV\
D.R.M. MACELLERIA\Piazza Montegrappa, 2, 31040 Onigo TV\\\\TV\
Edilizia Cavarzan\Via Caldretta, 138, 140, 31010 Maser TV\\0423 923108\\TV\
Casa Diamante Maser\Via Barbaro, 4, 31010 Maser TV\https://www.villadimaser.it/bar-shop/?lang=en\0423 565603\shop@villadimaser.it info@casadiamante.it\TV\
Altin Adriano Massimiliano\Via Vittorio Emanuele III, 31, 31010 Maser TV\\0423 565422\\TV\
Maser\\\\\\
Osteria al Castagner di Bianchin Andrea\Via Cornuda, 45, 31010 Maser TV\\0423 923054\\TV\
Agriturismo Sant'Andrea\Via Cornuda, 72, 31010 Maser TV\https://www.agrsantandrea.it/\0423 177 1567\info@agrsantandrea.it\TV\
Da Ismene - Trattoria Pizzeria - di Martignago Fabio\Via Cornuda, 109, 31010 Maser TV\http://www.daismene.it/\0423 923135\info@daismene.it pec@pec.daismene.it\TV\
SALUMIFICIO VIBER\Strada Provinciale per Foglizzo, 7, 10017 Montanaro TO\http://www.salumificioviber.it/\011 916 0230\info@salumificioviber.it\TO\
CONAD\Via Schiavonesca Marosticana, 11/A, 31011 Asolo TV\https://www.conad.it/ricerca-negozi/conad-via-schiavonesca-marosticana-11-a-31011-asolo--001937\0423 524118\\TV\
Mas Trieste\Via Josip Ressel, n.2, 34018 San Dorligo della Valle TS\https://www.cottomase.it/\040 282 1011\\TS\
Villa di Maser\Via Cornuda, 7, 31010 Maser TV\https://www.villadimaser.it/\0423 923004\visite@villadimaser.it wine@villadimaser.it info@casadiamante.it info@villadimaser.it eventi@villadimaser.it shop@villadimaser.it\TV\
Mercato Della Carne\Via Roma, 10, 31052 Maserada sul Piave TV\\\\TV\
Macelleria da pierino\Viale Caccianiga, 64, 31052 Maserada sul Piave TV\\\\TV\
Bellotto Carni S.r.l.\Via dell'Industria, 100B, 31052 Maserada sul Piave TV\\0422 877317\\TV\
Supermercati Visotto Maserada sul Piave\Via Cadore, 2, 31052 Maserada sul Piave TV\http://www.supermercativisotto.it/\0422 777456\info@supermercativisotto.it\TV\
Al supermercati -Viale Europa\Via Europa, 114, 31052 Maserada sul Piave TV\https://www.alisupermercati.it/negozi-e-volantini/negozi/maserada-sul-piave\0422 877470\\TV\
Alimentari e Tabacchi\Via Roma, 26-30, 31052 Maserada sul Piave TV\\\\TV\
Cuor di Crai\Via della Concordia, 18, 31052 Maserada sul Piave TV\https://www.crai-supermercati.it/punto-vendita/250-crai-di-zanatta/\0422 778090\\TV\
Testa Francesco\Piazza S. Pio X, 9, 31052 Maserada sul Piave TV\\0422 98243\\TV\
Az.Agr. Bianchin Marco\Via del Borgo, 108, 31052 Maserada sul Piave TV\\339 308 3012\\TV\
Superette Crai di Romanello\Via Julia, 27, 31052 Maserada sul Piave TV\http://www.crai-supermercati.it/code/punti-vendita/pdv.php?id=154%20https://www.facebook.com/CraiDiRomanello\0422 98274\\TV\
Azienda Agricola Buosi\Vicolo Medaglie D'Oro, 22, 31052 Maserada sul Piave TV\\\\TV\
Macinamente\Via S. Marco, 22/A, 31052 Maserada sul Piave TV\http://odoo.macinamente.com/\376 184 0677\\TV\
Spaccio Becher\Via Roma, 1, 31050 Ponzano TV\https://www.becher.it/spaccio-becher/\0422 961499\Spaccio-carousel-1-600x600@2x.jpg info@becher.it Spaccio-carousel-3-600x600@2x.jpg Spaccio-carousel-2-600x600@2x.jpg Spaccio-carousel-4-600x600@2x.jpg Spaccio-carousel-5-600x600@2x.jpg Spaccio-carousel-6-600x600@2x.jpg\TV\
Macelleria Panontin\Piazza Umberto I, 24/A, 31040 Meduna di Livenza TV\https://www.macelleriapanontin.it/\0422 767086\\TV\
Supermercati Visotto Meduna di Livenza\Via Giuseppe Verdi, 59, 31040 Meduna di Livenza TV\http://www.supermercativisotto.it/\0422 865152\info@supermercativisotto.it\TV\
Macelleria Lucon Rudi\Via IV Novembre, 1, 31045 Motta di Livenza TV\https://instagram.com/macellerialucon?igshid=MjEwN2IyYWYwYw==\0422 766150\\TV\
Dal Belio di Bortolini Tiziano, Mario & C. Snc\Via Cavour, 14, 31050 Miane TV\\0438 893145\\TV\
Macelleria Morona Mario\Via Alcide De Gasperi, 96, 31050 Miane TV\\\\TV\
Az. Agr. Fattoria Curto - Storica Latteria di Miane\Via S. Vito, 50, 31050 Miane TV\http://www.fattoriacurto.it/\0438 893565\info@fattoriacurto.it\TV\
CRAI\Via Cava, 5, 31050 Miane TV\http://www.rosasupermercati.it/\0438 893369\miane@rosasupermercati.it farra@rosasupermercati.it info@rosasupermercati.it barbisano@rosasupermercati.it colsanmartino@rosasupermercati.it crocetta@rosasupermercati.it\TV\
Cooperativa Dell'Alta Marca S.C.R.L.P.A.\Via Trento, 2, 31050 Miane TV\\0438 899804\\TV\
Beccaria da Andrea\Via del Cimitero, 23, 31051 Follina TV\\338 976 0618\\TV\
Minimarket Vem\Piazza Risorgimento, 31050 Miane TV\\\\TV\
Azienda agricola ARISTEA\Via Rossini, 34, 31050 Campea TV\\333 284 3394\\TV\
Latteria e Salumeria Vecchiato\Via Olme, 42, 31021 Mogliano Veneto TV\\041 455402\\TV\
Macelleria Olme S.A.S.\Via Olme, 25, 31021 Mogliano Veneto TV\\041 455440\\TV\
Carni Venete Di Bellio Lorenzo\Via A. Vanzo, 3, 31021 Mogliano Veneto TV\\\\TV\
L'antica Macelleria di Gabriele Negri, Mogliano Veneto\Via Don G. Bosco, 26, 31038 Mogliano Veneto TV\\349 495 2382\\TV\
Macelleria Bellio\Via Roma, 30, 31021 Mogliano Veneto TV\\041 590 2274\\TV\
Macelleria Da Lollo\Via A. Vanzo, 31021 Mogliano Veneto TV\https://www.facebook.com/macelleriadalollo/about?locale=it_IT\041 590 2940\\TV\
Carni Equine\Via Roma, 20B, 31021 Mogliano Veneto TV\\0421 454704\\TV\
Macelleria da Pier\Via Olme, 25, 31021 Mogliano Veneto TV\\\\TV\
Carne Alla Brace\SP64, 31021 Mogliano Veneto TV\\\\TV\
Macellerie Ragazzo S.N.C.\Via Ronzinella, 115, 31021 Mogliano Veneto TV\\041 453973\\TV\
Alimentari Walter di Privitera Gualtiero\Via Pietro Favretti, 2, 31021 Mogliano Veneto TV\\041 590 4624\\TV\
Pane e Vino\Via Marignana, 7A, 31021 Mogliano Veneto TV\\041 502 0428\\TV\
La Calabrese\Via Ragusa, 194, 31021 Mogliano Veneto TV\\\\TV\
Cadoro Superstore - Mogliano Veneto\Via Zermanesa, 8, 31021 Mogliano Veneto TV\http://www.cadoro.it/\041 869 6158\\TV\
Spaccio Salumi\Via Grigoletto e Pasqualato, 31021 Mogliano Veneto TV\\347 648 3824\\TV\
Macelleria Pavanetto\Via Roma, 64, 31050 Monastier di Treviso TV\\0422 798456\\TV\
Latteria Turnaria Azzolin\Via Barbarana, 88, 31050 Monastier di Treviso TV\\347 895 2681\\TV\
Meggetto\Via Lombardia, 31050 Zona Industriale Monastier di Treviso TV\\\\TV\
Parafarmacia Erboristeria Elicriso\Via Roma, 2, 31050 Monastier di Treviso TV\\0422 852188\\TV\
Stalla Sociale di Monastier\Via Giacomelli, 9, 31050 Monastier di Treviso TV\http://www.stallasocialemonastier.it/it/home/\0422 898070\nome@gmail.com info@stallasocialemonastier.it\TV\
Charlie Living Bar\Via Pralongo, 5, 31050 Monastier di Treviso TV\\347 279 0065\\TV\
Macelleria Meolese Di Buosi N.\Via Armando Diaz, 61, 30020 Meolo VE\\0421 618683\\VE\
Battistella Valfeo & C. SNC\Piazza Europa, 9, 31050 Fornaci TV\\347 970 6323\\TV\
STRADABASSA Vineyard and Winery\Via Pavani, 15, 31050 Monastier di Treviso TV\https://www.facebook.com/cantinastradabassa/\0422 798753\\TV\
Macelleria Gastronomia Azienda Agricola Torresan\Via Giuseppe Mazzini, 5, 31040 Trevignano TV\https://www.salumitorresan.it/\342 104 9698\\TV\
Spaccio di Treviso Caseificio Venturin\Via Everest, 9/C, 31100 Treviso TV\https://www.aziendaagricolaventurin.it/\0422 157 6622\\TV\
Macelleria Roberto di Favaro Francesca & C. SNC\Via Vittorio Emanuele, 95, 31055 Quinto di Treviso TV\https://macelleria-roberto-di-favaro-francesca-c-snc.business.site/?utm_source=gmb&utm_medium=referral\0422 370603\\TV\
Cuore iberico\Via Noalese, 119/A, 31100 Treviso TV\https://cuoreiberico.it/\0422 827121\vendor-support@1.5\TV\
Fattoria di Sila\Via Chiesa Monfumo, 27, 31010 Monfumo TV\\0423 191 7094\\TV\
Azienda Agricola Pandolfo\Via Farnea, 31, 31010 Monfumo TV\\349 492 8123\\TV\
Tenuta Amadio - Asolo Prosecco DOCG\Via Longon, 74, 31010 Monfumo TV\http://www.tenutamadio.com/\0423 560099\info@tenutamadio.com\TV\
Monfumo\\\\\\
Salumificio Pirolo\di Sopra, 26010 Pirolo CR\http://www.salumipirolo.it/\0372 921649\salumipirolo@libero.it\CR\
Macelleria Favaro\Via Roma, 17, 31050 Morgano TV\\0422 739750\\TV\
Macelleria - Casa della Carne\Via Gabriele d ' Annunzio, 2, 31050 Badoere TV\https://www.casadellacarnesrl.it/\345 142 9796\\TV\
Panificio da Katia\Via Chiesa, 23, 31050 Morgano TV\\349 879 3341\\TV\
La Bottega Morgan Market\Via Brigata Mantova, 50, 31010 Moriago della Battaglia TV\\0438 892029\\TV\
Morganline\Via Alberto Burri, 14/2, 50028 Barberino Tavarnelle FI\https://www.morganline.it/\055 805 9358\johndoe@domain.com. info@morganline.it\FI\
Morgan Sas\30 Via Ghiberti Lorenzo, Tavarnelle Val Di Pesa, FI 50028\https://www.morganline.it/\055 807 1230\johndoe@domain.com. info@morganline.it\50028\
Morgante Srl\Via Aonedis, 3, 33038 San Daniele del Friuli UD\http://www.morgante.it/\0432 956511\ask@blackpirates.it name@domain.com info@morgante.it\UD\
Salumificio Pitaccolo G. Srl\Via Malignani, 2, 33050 Castions di strada UD\http://www.salumificiopitaccolo.com/\0432 769779\\UD\
Natural Salumi Srl\Via Buriona, 2, 44016 Argenta FE\http://www.naturalsalumi.it/\0532 809826\info@naturalsalumi.it fancybox_loading@2x.gif fancybox_sprite@2x.png\FE\
Salumificio Artigianale Thogan-Porri di Thogan Gentile e C. Snc\Località Casa Cucchi, 14, 27050 Casa Cucchi PV\http://www.salamedivarzidop.it/\0383 59335\thogan@salamedivarzidop.it\PV\
Morgano\\\\\\
Casello 104\Via Bosco, 45, 31050 Morgano TV\https://casello104.com/\0422 162 8827\\TV\
Colomberotto S.p.A.\Via Montegrappa, 68/72, 31010 Moriago della Battaglia TV\https://www.colomberotto.it/\0438 892297\\TV\
Colomberotto Bruno\Via Roma, 55, 31010 Moriago della Battaglia TV\\0438 892495\\TV\
Societ Agricola Della Rocca S.P.A.\Via Montello, 18, 31010 Moriago della battaglia TV\\0438 966197\\TV\
Ortofrutta Moriago\Via Brigata Mantova, 6, 31010 Moriago della Battaglia TV\\0438 981447\\TV\
Antica Macelleria Andrighetto Snc\Via Argine A Destra, 2, 31045 Motta di Livenza TV\\0422 768707\\TV\
Ciao\Via I° Maggio, 14, 31045 Motta di Livenza TV\\\\TV\
Il Pane di Giulia\Via I° Maggio, 3/5, 31045 Motta di Livenza TV\\346 583 4630\\TV\
Supermercati Visotto Motta di Livenza\Via Piave, 6, 31045 Motta di Livenza TV\http://www.supermercativisotto.it/\0422 860916\info@supermercativisotto.it\TV\
Supermercato Eurospar Motta di Liv.\Via Milano, 11, 31045 Motta di Livenza TV\https://www.despar.it/it/punto-vendita-eurospar/139/motta-di-livenza/\0422 765577\\TV\
Mini punjab indian food store\Via del Girone, 8, 31045 Motta di Livenza TV\\380 744 8648\\TV\
Shama la griglia a modo nostro\Borgo Gerolamo Aleandro, 12, 31045 Motta di Livenza TV\\320 624 1793\\TV\
Cantina Bergamo Vini & Bottega veneta Vidis\Via Vidisè, 16, 31045 Motta di Livenza TV\http://www.bergamovini.it/\0422 768032\\TV\
Dae Tose bar pasticceria\Piazza Luigi Luzzatti, 24, 31045 Motta di Livenza TV\http://www.facebook.com/DaeToseMotta/\340 386 6192\\TV\
Pam MET Supermercato\Via G. Mancino, 7, 31040 Nervesa della Battaglia TV\https://pam-franchising-meta-nervesa.business.site/\0422 886920\\TV\
al Boteghin\Via G. Mancino, 7, 31040 Nervesa della Battaglia TV\https://pam-franchising-meta-nervesa.business.site/\0422 886920\\TV\Pam MET Supermercato
Borgo Dus Azienda Agricola\Via G. Mancino, 7, 31040 Nervesa della Battaglia TV\https://pam-franchising-meta-nervesa.business.site/\0422 886920\\TV\Pam MET Supermercato
Marzaro Gianni Panificio Pasticceria\Via G. Mancino, 7, 31040 Nervesa della Battaglia TV\https://pam-franchising-meta-nervesa.business.site/\0422 886920\\TV\Pam MET Supermercato
METRO TREVISO\\\\\\
Gse Michielon Giorgio\\\\\\
Moro The Food Store - Oderzo\\\\\\
Sarri Elisa & C. S.n.c.\\\\\\
La Bottega\\\\\\
Macelleria Dal Cin di Pianca Luisa\\\\\\
Caseificio Lia dei f.lli Barattin\\\\\\
Khanna Market\\\\\\
Azienda Agricola Prizzon Paolo\\\\\\
Azienda Agricola Le Gere Di Barro Luca\\\\\\
Macelleria Dam Diego\\\\\\
Macelleria Dal Cin Tranquillo S.n.c. di Dal Cin Guido e Merj\\\\\\
Macello Dal Cin Tranquillo Snc Di Dal Cin Guido E Merj\\\\\\
Crai di Orsago\\\\\\
La Bottega del Forner sas\\\\\\
DORIA  Bauli S.p.A.\\\\\\
Macelleria Cendron\\\\\\
Mini Market Est - Negozio alimentare Rumeno con gastronomia e pasticceria\\\\\\
Rivendita Sociale di Opicina\\\\\\
Azienda agricola Favero\\\\\\
Salumificio Dolomiti F.lli Billo s.r.l.\\\\\\
Brunello Salumi\\\\\\
Antica Macelleria dal 1947\\\\\\
Bocon S.r.l.\\\\\\
CASA DELL'ACQUA DI PIEVE DI SOLIGO\\\\\\
Porca Vacca\\\\\\
La Boutique Della Carne Di Zottarel Alberto\\\\\\
Macelleria da Luca\\\\\\
Supermercati Visotto Ponte di Piave\\\\\\
Al supermercati - Ponte di Piave\\\\\\
Azienda Agricola la Negrisia\\\\\\
Crai di Levada\\\\\\
Bechr House\\\\\\
Macelleria Disegna\\\\\\
